ID,Local_ID,Language_ID,Parameter_ID,Value,Form,Segments,Comment,Source,Cognacy,Loan
61-91-1,,61,91, ,,,,,323,
61-93-1,,61,93, ,,,,,325,
16-1-1,,16,1, ,,,,,226,
19-1-1,,19,1, , ,,,,224,
6-1-1,,6,1, ,,,,,1,
47-1-1,,47,1, , ,,,,75,
15-1-1,,15,1, , ,,,,347,
30-1-1,,30,1, ,,,,,1,
38-1-1,,38,1, ,,,,,287,
11-1-1,,11,1, ,,,,,1,
42-1-1,,42,1, ,,,,,1,
43-1-1,,43,1, ,,,,,1,
53-1-1,,53,1, ,,,,,226,
54-1-1,,54,1, ,,,,,226,
63-1-1,,63,1, ,,,,,226,
64-1-1,,64,1, ,,,,,175,
67-1-1,,67,1, ,,,,,226,
71-1-1,,71,1, ,,,,,1,
73-1-1,,73,1, ,,,,,181,
74-1-1,,74,1, , ,,,,224,
18-1-1,,18,1, , ,,,,245,
46-1-1,,46,1, ,,,,,1,
51-1-1,,51,1, ,,,,,1,
14-1-1,,14,1, ,,,,,1,
55-1-1,,55,1, ,,,,,287,
61-1-1,,61,1, ,,,,,1,
75-1-1,,75,1, ,,,,,226,
7-1-1,,7,1, , ,,,,347,
25-1-1,,25,1, ,,,,,1,
60-1-1,,60,1, ,,,,,287,
31-1-1,,31,1, ,,,,,1,
76-1-1,,76,1, ,,,,,1,
12-1-1,,12,1, ,,,,,1,
32-1-1,,32,1, ,,,,,1,
32-1-2,,32,1, ,,,,,287,
33-1-1,,33,1, ,,,,,287,
28-1-1,,28,1, ,,,,,287,
5-1-1,,5,1, ,,,,,1,
37-1-1,,37,1, ,,,,,1,
46-2-1,,46,2, ,,,,,141,
25-2-1,,25,2, ,,,,,141,
16-77-1,,16,77, ,,,,,334,
19-3-1,,19,3, , ,,,,2,
6-3-1,,6,3, ,,,,,29,
47-3-1,,47,3, , ,,,,209,
15-3-1,,15,3, , ,,,,2,
30-3-1,,30,3, ,,,,,294,
38-3-1,,38,3, ,,,,,29,
11-3-1,,11,3, ,,,,,29,
42-3-1,,42,3, ,,,,,29,
43-3-1,,43,3, ,,,,,29,
53-3-1,,53,3, ,,,,,294,
54-3-1,,54,3, ,,,,,294,
63-3-1,,63,3, ,,,,,294,
64-3-1,,64,3, ,,,,,182,
67-77-1,,67,77, ,,,,,334,
71-3-1,,71,3, ,,,,,29,
73-3-1,,73,3, ,,,,,182,
74-3-1,,74,3, , ,,,,209,
18-3-1,,18,3, , ,,,,209,
46-3-1,,46,3, ,,,,,29,
51-3-1,,51,3, ,,,,,29,
14-3-1,,14,3, ,,,,,29,
55-3-1,,55,3, ,,,,,29,
61-3-1,,61,3, ,,,,,29,
75-77-1,,75,77, ,,,,,334,
7-3-1,,7,3, , ,,,,208,
25-3-1,,25,3, ,,,,,29,
60-3-1,,60,3, ,,,,,29,
31-3-1,,31,3, ,,,,,29,
76-3-1,,76,3, ,,,,,294,
12-3-1,,12,3, ,,,,,29,
74-3-2,,74,3, , ,,,,208,
32-3-1,,32,3, ,,,,,29,
33-3-1,,33,3, ,,,,,29,
28-3-1,,28,3, ,,,,,29,
5-3-1,,5,3, ,,,,,29,
37-3-1,,37,3, ,,,,,29,
19-4-1,,19,4, ,,,,,86,
6-4-1,,6,4, ,,,,,86,
47-4-1,,47,4, ,,,,,195,
15-4-1,,15,4, ,,,,,195,
30-4-1,,30,4, ,,,,,195,
38-4-1,,38,4, ,,,,,86,
11-4-1,,11,4, ,,,,,86,
42-4-1,,42,4, ,,,,,86,
53-4-1,,53,4, ,,,,,86,
54-4-1,,54,4, ,,,,,195,
63-4-1,,63,4, ,,,,,195,
64-4-1,,64,4, ,,,,,86,
71-4-1,,71,4, ,,,,,86,
73-4-1,,73,4, ,,,,,86,
74-4-1,,74,4, ,,,,,195,
18-4-1,,18,4, ,,,,,195,
46-4-1,,46,4, ,,,,,195,
51-4-1,,51,4, ,,,,,86,
14-4-1,,14,4, ,,,,,86,
55-4-1,,55,4, ,,,,,86,
7-4-1,,7,4, ,,,,,195,
25-4-1,,25,4, ,,,,,86,
60-4-1,,60,4, ,,,,,195,
31-4-1,,31,4, ,,,,,86,
76-4-1,,76,4, ,,,,,86,
12-4-1,,12,4, ,,,,,86,
32-4-1,,32,4, ,,,,,86,
33-4-1,,33,4, ,,,,,86,
28-4-1,,28,4, ,,,,,86,
5-4-1,,5,4, ,,,,,86,
37-4-1,,37,4, ,,,,,86,
16-5-1,,16,5, ,,,,,23,
67-5-1,,67,5, ,,,,,23,
71-5-1,,71,5, ,,,,,177,
61-5-1,,61,5, ,,,,,311,
75-5-1,,75,5, ,,,,,23,
16-6-1,,16,6, ,,,,,154,
19-6-1,,19,6, , ,,,,247,
6-6-1,,6,6, ,,,,,261,
47-6-1,,47,6, , ,,,,247,
15-6-1,,15,6, , ,,,,247,
30-6-1,,30,6, ,,,,,111,
38-6-1,,38,6, ,,,,,261,
11-6-1,,11,6, ,,,,,261,
42-6-1,,42,6, ,,,,,261,
43-6-1,,43,6, ,,,,,201,
53-6-1,,53,6, ,,,,,154,
54-6-1,,54,6, ,,,,,200,
63-6-1,,63,6, ,,,,,200,
64-6-1,,64,6, ,,,,,296,
67-6-1,,67,6, ,,,,,154,
71-6-1,,71,6, ,,,,,261,
73-6-1,,73,6, ,,,,,215,
18-6-1,,18,6, , ,,,,247,
46-6-1,,46,6, ,,,,,180,
51-6-1,,51,6, ,,,,,261,
14-6-1,,14,6, ,,,,,261,
55-6-1,,55,6, ,,,,,261,
61-6-1,,61,6, ,,,,,3,
61-6-2,,61,6, ,,,,,261,
75-6-1,,75,6, ,,,,,154,
7-6-1,,7,6, , ,,,,247,
25-6-1,,25,6, ,,,,,261,
60-6-1,,60,6, ,,,,,261,
31-6-1,,31,6, ,,,,,261,
76-6-1,,76,6, ,,,,,198,
12-6-1,,12,6, ,,,,,192,
74-6-1,,74,6, , ,,,,247,
32-6-1,,32,6, ,,,,,261,
33-6-1,,33,6, ,,,,,261,
28-6-1,,28,6, ,,,,,261,
5-6-1,,5,6, ,,,,,261,
37-6-1,,37,6, ,,,,,261,
18-7-1,,18,7, , ,,,,249,
16-8-1,,16,8, ,,,,,204,
19-8-1,,19,8, , ,,,,33,
6-8-1,,6,8, ,,,,,297,
47-8-1,,47,8, , ,,,,95,
15-8-1,,15,8, , ,,,,211,
30-8-1,,30,8, ,,,,,204,
38-8-1,,38,8, ,,,,,281,
11-8-1,,11,8, ,,,,,297,
42-8-1,,42,8, ,,,,,297,
43-8-1,,43,8, ,,,,,297,
43-13-1,,43,13, ,,,,,28,
53-8-1,,53,8, ,,,,,204,
54-8-1,,54,8, ,,,,,204,
63-8-1,,63,8, ,,,,,204,
64-8-1,,64,8, ,,,,,206,
67-8-1,,67,8, ,,,,,204,
71-8-1,,71,8, ,,,,,298,
73-8-1,,73,8, ,,,,,216,
74-8-1,,74,8, , ,,,,227,
18-8-1,,18,8, ,,,,,250,
46-8-1,,46,8, ,,,,,297,
51-8-1,,51,8, ,,,,,281,
14-8-1,,14,8, ,,,,,281,
55-8-1,,55,8, ,,,,,281,
75-8-1,,75,8, ,,,,,204,
7-8-1,,7,8, , ,,,,95,
25-8-1,,25,8, ,,,,,297,
60-8-1,,60,8, ,,,,,297,
31-8-1,,31,8, ,,,,,281,
76-8-1,,76,8, ,,,,,298,
12-8-1,,12,8, ,,,,,281,
74-8-2,,74,8, , ,,,,212,
32-8-1,,32,8, ,,,,,281,
33-8-1,,33,8, ,,,,,281,
28-8-1,,28,8, ,,,,,216,
5-8-1,,5,8, ,,,,,297,
37-8-1,,37,8, ,,,,,297,
16-9-1,,16,9, ,,,,,214,
19-9-1,,19,9, , ,,,,34,
6-9-1,,6,9, ,,,,,300,
47-9-1,,47,9, , ,,,,79,
15-9-1,,15,9, , ,,,,79,
30-9-1,,30,9, ,,,,,214,
38-9-1,,38,9, ,,,,,150,
11-9-1,,11,9, ,,,,,300,
42-9-1,,42,9, ,,,,,300,
43-9-1,,43,9, ,,,,,150,
53-9-1,,53,9, ,,,,,214,
54-9-1,,54,9, ,,,,,214,
63-9-1,,63,9, ,,,,,150,
64-9-1,,64,9, ,,,,,150,
67-9-1,,67,9, ,,,,,214,
71-9-1,,71,9, ,,,,,150,
73-9-1,,73,9, ,,,,,302,
74-9-1,,74,9, , ,,,,228,
18-9-1,,18,9, , ,,,,251,
46-9-1,,46,9, ,,,,,150,
51-9-1,,51,9, ,,,,,300,
14-9-1,,14,9, ,,,,,150,
55-9-1,,55,9, ,,,,,150,
61-9-1,,61,9, ,,,,,150,
75-9-1,,75,9, ,,,,,214,
7-9-1,,7,9, , ,,,,79,
25-9-1,,25,9, ,,,,,150,
60-9-1,,60,9, ,,,,,53,
31-9-1,,31,9, ,,,,,150,
76-9-1,,76,9, ,,,,,213,
12-9-1,,12,9, ,,,,,213,
32-9-1,,32,9, ,,,,,150,
33-9-1,,33,9, ,,,,,150,
28-9-1,,28,9, ,,,,,150,
5-9-1,,5,9, ,,,,,150,
37-9-1,,37,9, ,,,,,150,
16-10-1,,16,10, ,,,,,4,
19-10-1,,19,10, , ,,,,109,
6-10-1,,6,10, ,,,,,60,
47-10-1,,47,10, , ,,,,80,
15-10-1,,15,10, , ,,,,80,
30-10-1,,30,10, ,,,,,60,
38-10-1,,38,10, ,,,,,60,
11-10-1,,11,10, ,,,,,60,
42-10-1,,42,10, ,,,,,60,
43-10-1,,43,10, ,,,,,4,
53-10-1,,53,10, ,,,,,156,
54-10-1,,54,10, ,,,,,71,
63-10-1,,63,10, ,,,,,71,
64-10-1,,64,10, ,,,,,186,
67-10-1,,67,10, ,,,,,4,
71-10-1,,71,10, ,,,,,60,
73-10-1,,73,10, ,,,,,186,
74-10-1,,74,10, , ,,,,80,
18-10-1,,18,10, , ,,,,80,
46-10-1,,46,10, ,,,,,218,
51-10-1,,51,10, ,,,,,60,
14-10-1,,14,10, ,,,,,60,
55-10-1,,55,10, ,,,,,60,
61-10-1,,61,10, ,,,,,60,
75-10-1,,75,10, ,,,,,4,
7-10-1,,7,10, , ,,,,80,
25-10-1,,25,10, ,,,,,60,
60-10-1,,60,10, ,,,,,69,
31-10-1,,31,10, ,,,,,60,
76-10-1,,76,10, ,,,,,218,
12-10-1,,12,10, ,,,,,60,
74-10-2,,74,10, , ,,,,109,
32-10-1,,32,10, ,,,,,60,
33-10-1,,33,10, ,,,,,60,
28-10-1,,28,10, ,,,,,60,
5-10-1,,5,10, ,,,,,60,
37-10-1,,37,10, ,,,,,60,
75-11-1,,75,11, ,,,,,125,
19-13-1,,19,13, , ,,,,36,
6-13-1,,6,13, ,,,,,145,
47-13-1,,47,13, , ,,,,96,
15-13-1,,15,13, , ,,,,96,
30-13-1,,30,13, ,,,,,113,
38-13-1,,38,13, ,,,,,28,
11-13-1,,11,13, ,,,,,145,
42-13-1,,42,13, ,,,,,145,
53-13-1,,53,13, ,,,,,299,
54-13-1,,54,13, ,,,,,167,
63-13-1,,63,13, ,,,,,167,
64-13-1,,64,13, ,,,,,187,
71-13-1,,71,13, ,,,,,205,
73-13-1,,73,13, ,,,,,187,
74-13-1,,74,13, , ,,,,230,
18-13-1,,18,13, , ,,,,252,
46-13-1,,46,13, ,,,,,145,
51-13-1,,51,13, ,,,,,145,
14-13-1,,14,13, ,,,,,221,
55-13-1,,55,13, ,,,,,210,
61-13-1,,61,13, ,,,,,145,
7-13-1,,7,13, , ,,,,96,
25-13-1,,25,13, ,,,,,145,
60-13-1,,60,13, ,,,,,57,
31-13-1,,31,13, ,,,,,145,
76-13-1,,76,13, ,,,,,145,
12-13-1,,12,13, ,,,,,145,
32-13-1,,32,13, ,,,,,145,
33-13-1,,33,13, ,,,,,221,
28-13-1,,28,13, ,,,,,113,
5-13-1,,5,13, ,,,,,145,
37-13-1,,37,13, ,,,,,221,
16-78-1,,16,78, ,,,,,199,
19-14-1,,19,14, ,,,,,82,
6-14-1,,6,14, ,,,,,279,
47-14-1,,47,14, ,,,,,82,
15-14-1,,15,14, , ,,,,97,
30-14-1,,30,14, ,,,,,279,
38-14-1,,38,14, ,,,,,279,
11-14-1,,11,14, ,,,,,279,
42-14-1,,42,14, ,,,,,279,
43-14-1,,43,14, ,,,,,279,
53-14-1,,53,14, ,,,,,279,
54-14-1,,54,14, ,,,,,279,
63-14-1,,63,14, ,,,,,279,
64-14-1,,64,14, ,,,,,279,
67-78-1,,67,78, ,,,,,199,
71-14-1,,71,14, ,,,,,279,
73-14-1,,73,14, ,,,,,279,
74-14-1,,74,14, , ,,,,140,
18-14-1,,18,14, ,,,,,82,
46-14-1,,46,14, ,,,,,279,
51-14-1,,51,14, ,,,,,279,
14-14-1,,14,14, ,,,,,279,
55-14-1,,55,14, ,,,,,279,
75-78-1,,75,78, ,,,,,199,
75-14-1,,75,14, ,,,,,279,
7-14-1,,7,14, , ,,,,97,
25-14-1,,25,14, ,,,,,279,
60-14-1,,60,14, ,,,,,279,
31-14-1,,31,14, ,,,,,279,
76-14-1,,76,14, ,,,,,279,
12-14-1,,12,14, ,,,,,279,
32-14-1,,32,14, ,,,,,279,
33-14-1,,33,14, ,,,,,279,
28-14-1,,28,14, ,,,,,301,
5-14-1,,5,14, ,,,,,279,
37-14-1,,37,14, ,,,,,279,
16-28-1,,16,28, ,,,,,288,
67-28-1,,67,28, ,,,,,288,
75-28-1,,75,28, ,,,,,288,
75-83-1,,75,83, ,,,,,391,
67-85-1,,67,85, ,,,,,169,
16-84-1,,16,84, ,,,,,231,
67-84-1,,67,84, ,,,,,203,
75-84-1,,75,84, ,,,,,203,
19-15-1,,19,15, ,,,,,280,
6-15-1,,6,15, ,,,,,280,
47-15-1,,47,15, , ,,,,83,
15-15-1,,15,15, , ,,,,98,
30-15-1,,30,15, ,,,,,31,
38-15-1,,38,15, ,,,,,280,
11-15-1,,11,15, ,,,,,280,
42-15-1,,42,15, ,,,,,280,
53-15-1,,53,15, ,,,,,280,
54-15-1,,54,15, ,,,,,280,
63-15-1,,63,15, ,,,,,280,
64-15-1,,64,15, ,,,,,219,
71-15-1,,71,15, ,,,,,280,
73-15-1,,73,15, ,,,,,219,
74-15-1,,74,15, , ,,,,83,
18-15-1,,18,15, ,,,,,253,
46-15-1,,46,15, ,,,,,280,
51-15-1,,51,15, ,,,,,280,
14-15-1,,14,15, ,,,,,280,
55-15-1,,55,15, ,,,,,280,
61-15-1,,61,15, ,,,,,280,
7-15-1,,7,15, , ,,,,98,
25-15-1,,25,15, ,,,,,280,
60-15-1,,60,15, ,,,,,280,
31-15-1,,31,15, ,,,,,280,
32-15-1,,32,15, ,,,,,280,
33-15-1,,33,15, ,,,,,280,
28-15-1,,28,15, ,,,,,304,
5-15-1,,5,15, ,,,,,280,
37-15-1,,37,15, ,,,,,280,
16-16-1,,16,16, ,,,,,232,
19-16-1,,19,16, , ,,,,99,
6-16-1,,6,16, ,,,,,62,
47-16-1,,47,16, , ,,,,99,
15-16-1,,15,16, , ,,,,99,
30-16-1,,30,16, ,,,,,232,
38-16-1,,38,16, ,,,,,62,
11-16-1,,11,16, ,,,,,62,
42-16-1,,42,16, ,,,,,62,
43-16-1,,43,16, ,,,,,62,
53-16-1,,53,16, ,,,,,232,
54-16-1,,54,16, ,,,,,232,
63-16-1,,63,16, ,,,,,232,
64-16-1,,64,16, ,,,,,62,
67-16-1,,67,16, ,,,,,232,
71-16-1,,71,16, ,,,,,312,
73-16-1,,73,16, ,,,,,62,
18-16-1,,18,16, , ,,,,99,
46-16-1,,46,16, ,,,,,62,
51-16-1,,51,16, ,,,,,62,
14-16-1,,14,16, ,,,,,62,
55-16-1,,55,16, ,,,,,62,
61-16-1,,61,16, ,,,,,62,
75-16-1,,75,16, ,,,,,232,
7-16-1,,7,16, , ,,,,99,
25-16-1,,25,16, ,,,,,62,
60-16-1,,60,16, ,,,,,62,
31-16-1,,31,16, ,,,,,62,
74-16-1,,74,16, , ,,,,110,
32-16-1,,32,16, ,,,,,62,
33-16-1,,33,16, ,,,,,62,
28-16-1,,28,16, ,,,,,62,
5-16-1,,5,16, ,,,,,62,
37-16-1,,37,16, ,,,,,62,
61-17-1,,61,17, ,,,,,313,
16-18-1,,16,18, ,,,,,11,
19-18-1,,19,18, ,,,,,282,
6-18-1,,6,18, ,,,,,282,
47-18-1,,47,18, ,,,,,282,
15-18-1,,15,18, , ,,,,100,
30-18-1,,30,18, ,,,,,282,
38-18-1,,38,18, ,,,,,282,
11-18-1,,11,18, ,,,,,282,
42-18-1,,42,18, ,,,,,282,
43-18-1,,43,18, ,,,,,11,
53-18-1,,53,18, ,,,,,282,
54-18-1,,54,18, ,,,,,282,
63-18-1,,63,18, ,,,,,282,
64-18-1,,64,18, ,,,,,282,
67-18-1,,67,18, ,,,,,11,
71-18-1,,71,18, ,,,,,282,
73-18-1,,73,18, ,,,,,273,
74-18-1,,74,18, ,,,,,282,
18-18-1,,18,18, ,,,,,282,
46-18-1,,46,18, ,,,,,282,
51-18-1,,51,18, ,,,,,282,
14-18-1,,14,18, ,,,,,282,
55-18-1,,55,18, ,,,,,282,
61-18-1,,61,18, ,,,,,282,
75-18-1,,75,18, ,,,,,11,
7-18-1,,7,18, , ,,,,100,
25-18-1,,25,18, ,,,,,282,
60-18-1,,60,18, ,,,,,282,
31-18-1,,31,18, ,,,,,282,
76-18-1,,76,18, ,,,,,273,
12-18-1,,12,18, ,,,,,273,
32-18-1,,32,18, ,,,,,282,
33-18-1,,33,18, ,,,,,282,
28-18-1,,28,18, ,,,,,282,
5-18-1,,5,18, ,,,,,282,
37-18-1,,37,18, ,,,,,282,
18-19-1,,18,19, ,,,,,254,
55-20-1,,55,20, ,,,,,5,
16-21-1,,16,21, ,,,,,12,
19-21-1,,19,21, , ,,,,122,
6-21-1,,6,21, ,,,,,168,
47-21-1,,47,21, , ,,,,225,
15-21-1,,15,21, , ,,,,225,
30-21-1,,30,21, ,,,,,12,
38-21-1,,38,21, ,,,,,9,
11-21-1,,11,21, ,,,,,168,
42-21-1,,42,21, ,,,,,168,
43-21-1,,43,21, ,,,,,168,
53-21-1,,53,21, ,,,,,22,
54-21-1,,54,21, ,,,,,337,
63-21-1,,63,21, ,,,,,338,
64-21-1,,64,21, ,,,,,22,
67-21-1,,67,21, ,,,,,12,
71-21-1,,71,21, ,,,,,12,
73-21-1,,73,21, ,,,,,22,
74-21-1,,74,21, , ,,,,233,
18-21-1,,18,21, , ,,,,122,
46-21-1,,46,21, ,,,,,168,
51-21-1,,51,21, ,,,,,168,
14-21-1,,14,21, ,,,,,168,
55-21-1,,55,21, ,,,,,168,
61-21-1,,61,21, ,,,,,168,
75-21-1,,75,21, ,,,,,12,
7-21-1,,7,21, , ,,,,225,
25-21-1,,25,21, ,,,,,262,
60-21-1,,60,21, ,,,,,262,
31-21-1,,31,21, ,,,,,22,
76-21-1,,76,21, ,,,,,22,
12-21-1,,12,21, ,,,,,22,
32-21-1,,32,21, ,,,,,262,
33-21-1,,33,21, ,,,,,262,
28-21-1,,28,21, ,,,,,168,
5-21-1,,5,21, ,,,,,168,
37-21-1,,37,21, ,,,,,22,
61-105-1,,61,105, ,,,,,130,
16-13-1,,16,13, ,,,,,299,
19-22-1,,19,22, , ,,,,85,
6-22-1,,6,22, ,,,,,137,
47-22-1,,47,22, , ,,,,85,
15-22-1,,15,22, , ,,,,85,
30-13-2,,30,13, ,,,,,299,
38-22-1,,38,22, ,,,,,255,
11-22-1,,11,22, ,,,,,137,
42-22-1,,42,22, ,,,,,137,
43-22-1,,43,22, ,,,,,137,
53-22-1,,53,22, ,,,,,255,
54-22-1,,54,22, ,,,,,342,
63-22-1,,63,22, ,,,,,342,
64-22-1,,64,22, ,,,,,137,
67-13-1,,67,13, ,,,,,299,
71-22-1,,71,22, ,,,,,339,
73-22-1,,73,22, ,,,,,255,
74-22-1,,74,22, , ,,,,234,
18-22-1,,18,22, , ,,,,85,
46-22-1,,46,22, ,,,,,137,
51-22-1,,51,22, ,,,,,137,
14-22-1,,14,22, ,,,,,137,
55-22-1,,55,22, ,,,,,137,
61-22-1,,61,22, ,,,,,137,
75-13-1,,75,13, ,,,,,299,
7-22-1,,7,22, , ,,,,85,
25-22-1,,25,22, ,,,,,137,
60-22-1,,60,22, ,,,,,137,
31-22-1,,31,22, ,,,,,137,
76-22-1,,76,22, ,,,,,343,
12-22-1,,12,22, ,,,,,255,
32-22-1,,32,22, ,,,,,137,
33-22-1,,33,22, ,,,,,137,
28-22-1,,28,22, ,,,,,137,
5-22-1,,5,22, ,,,,,137,
37-22-1,,37,22, ,,,,,255,
18-23-1,,18,23, , ,,,,256,
16-24-1,,16,24, ,,,,,15,
19-24-1,,19,24, ,,,,,43,
6-24-1,,6,24, ,,,,,43,
47-24-1,,47,24, ,,,,,43,
15-24-1,,15,24, , ,,,,102,
30-24-1,,30,24, ,,,,,15,
38-24-1,,38,24, ,,,,,43,
11-24-1,,11,24, ,,,,,43,
42-24-1,,42,24, ,,,,,43,
43-24-1,,43,24, ,,,,,43,
53-24-1,,53,24, ,,,,,15,
54-24-1,,54,24, ,,,,,15,
63-24-1,,63,24, ,,,,,15,
64-24-1,,64,24, ,,,,,43,
67-24-1,,67,24, ,,,,,15,
71-24-1,,71,24, ,,,,,15,
73-24-1,,73,24, ,,,,,43,
74-24-1,,74,24, ,,,,,43,
18-24-1,,18,24, ,,,,,15,
46-24-1,,46,24, ,,,,,15,
51-24-1,,51,24, ,,,,,43,
14-24-1,,14,24, ,,,,,43,
55-24-1,,55,24, ,,,,,43,
75-24-1,,75,24, ,,,,,15,
7-24-1,,7,24, , ,,,,102,
25-24-1,,25,24, ,,,,,43,
25-54-1,,25,54, ,,,,,392,
60-24-1,,60,24, ,,,,,15,
31-24-1,,31,24, ,,,,,43,
76-24-1,,76,24, ,,,,,15,
12-24-1,,12,24, ,,,,,15,
32-24-1,,32,24, ,,,,,43,
33-24-1,,33,24, ,,,,,43,
28-24-1,,28,24, ,,,,,43,
5-24-1,,5,24, ,,,,,43,
37-24-1,,37,24, ,,,,,43,
16-22-1,,16,22, ,,,,,137,
19-25-1,,19,25, , ,,,,44,
6-25-1,,6,25, ,,,,,131,
47-25-1,,47,25, , ,,,,103,
15-25-1,,15,25, , ,,,,103,
30-22-1,,30,22, ,,,,,255,
38-25-1,,38,25, ,,,,,131,
11-25-1,,11,25, ,,,,,131,
42-25-1,,42,25, ,,,,,131,
43-25-1,,43,25, ,,,,,148,
53-25-1,,53,25, ,,,,,160,
54-25-1,,54,25, ,,,,,170,
63-25-1,,63,25, ,,,,,170,
64-25-1,,64,25, ,,,,,8,
67-22-1,,67,22, ,,,,,137,
71-25-1,,71,25, ,,,,,91,
73-25-1,,73,25, ,,,,,8,
74-25-1,,74,25, ,,,,,236,
18-25-1,,18,25, , ,,,,44,
46-25-1,,46,25, ,,,,,13,
51-25-1,,51,25, ,,,,,346,
14-25-1,,14,25, ,,,,,131,
55-25-1,,55,25, ,,,,,131,
61-25-1,,61,25, ,,,,,131,
75-22-1,,75,22, ,,,,,255,
7-25-1,,7,25, , ,,,,103,
25-25-1,,25,25, ,,,,,346,
60-25-1,,60,25, ,,,,,121,
31-25-1,,31,25, ,,,,,346,
31-25-2,,31,25, ,,,,,8,
76-25-1,,76,25, ,,,,,91,
12-25-1,,12,25, ,,,,,91,
32-25-1,,32,25, ,,,,,131,
33-25-1,,33,25, ,,,,,131,
28-25-1,,28,25, ,,,,,68,
5-25-1,,5,25, ,,,,,131,
37-25-1,,37,25, ,,,,,131,
43-26-1,,43,26, ,,,,,152,
19-27-1,,19,27, , ,,,,264,
6-27-1,,6,27, ,,,,,132,
47-27-1,,47,27, , ,,,,237,
15-27-1,,15,27, , ,,,,237,
30-27-1,,30,27, , ,,,,237,
38-27-1,,38,27, ,,,,,132,
11-27-1,,11,27, ,,,,,132,
42-27-1,,42,27, ,,,,,132,
63-27-1,,63,27, , ,,,,237,
64-27-1,,64,27, ,,,,,191,
71-27-1,,71,27, ,,,,,153,
73-27-1,,73,27, ,,,,,191,
74-27-1,,74,27, , ,,,,264,
18-27-1,,18,27, , ,,,,264,
46-27-1,,46,27, ,,,,,132,
51-27-1,,51,27, ,,,,,132,
14-27-1,,14,27, ,,,,,132,
55-27-1,,55,27, ,,,,,132,
61-27-1,,61,27, ,,,,,132,
7-27-1,,7,27, , ,,,,237,
25-27-1,,25,27, ,,,,,132,
60-27-1,,60,27, , ,,,,237,
31-27-1,,31,27, ,,,,,132,
76-27-1,,76,27, ,,,,,70,
12-27-1,,12,27, ,,,,,70,
32-27-1,,32,27, ,,,,,132,
33-27-1,,33,27, ,,,,,132,
28-27-1,,28,27, ,,,,,132,
5-27-1,,5,27, ,,,,,132,
37-27-1,,37,27, ,,,,,132,
16-25-1,,16,25, ,,,,,121,
19-28-1,,19,28, , ,,,,38,
6-28-1,,6,28, ,,,,,288,
47-28-1,,47,28, , ,,,,88,
15-28-1,,15,28, , ,,,,88,
30-25-1,,30,25, ,,,,,121,
38-28-1,,38,28, ,,,,,288,
11-28-1,,11,28, ,,,,,288,
42-28-1,,42,28, ,,,,,288,
43-28-1,,43,28, ,,,,,288,
53-28-1,,53,28, ,,,,,288,
54-28-1,,54,28, ,,,,,288,
63-28-1,,63,28, ,,,,,288,
64-28-1,,64,28, ,,,,,222,
67-25-1,,67,25, ,,,,,121,
71-28-1,,71,28, ,,,,,288,
73-28-1,,73,28, ,,,,,222,
74-28-1,,74,28, , ,,,,238,
18-28-1,,18,28, ,,,,,257,
46-28-1,,46,28, ,,,,,288,
51-28-1,,51,28, ,,,,,288,
14-28-1,,14,28, ,,,,,288,
55-28-1,,55,28, ,,,,,288,
61-28-1,,61,28, ,,,,,288,
75-25-1,,75,25, ,,,,,121,
7-28-1,,7,28, , ,,,,88,
25-28-1,,25,28, ,,,,,288,
60-28-1,,60,28, ,,,,,288,
31-28-1,,31,28, ,,,,,288,
76-28-1,,76,28, ,,,,,6,
12-28-1,,12,28, ,,,,,6,
32-28-1,,32,28, ,,,,,288,
33-28-1,,33,28, ,,,,,288,
28-28-1,,28,28, ,,,,,288,
5-28-1,,5,28, ,,,,,288,
37-28-1,,37,28, ,,,,,288,
55-29-1,,55,29, ,,,,,133,
61-101-1,,61,101, ,,,,,317,
16-4-1,,16,4, ,,,,,86,
19-30-1,,19,30, , ,,,,47,
6-30-1,,6,30, ,,,,,289,
47-30-1,,47,30, , ,,,,47,
15-30-1,,15,30, , ,,,,47,
30-4-2,,30,4, ,,,,,86,
38-30-1,,38,30, ,,,,,289,
11-30-1,,11,30, ,,,,,289,
42-30-1,,42,30, ,,,,,289,
43-30-1,,43,30, ,,,,,289,
53-30-1,,53,30, ,,,,,394,
54-30-1,,54,30, ,,,,,266,
63-30-1,,63,30, ,,,,,266,
64-30-1,,64,30, ,,,,,193,
67-4-1,,67,4, ,,,,,86,
71-30-1,,71,30, ,,,,,266,
73-30-1,,73,30, ,,,,,161,
74-30-1,,74,30, , ,,,,239,
18-30-1,,18,30, , ,,,,239,
46-30-1,,46,30, ,,,,,394,
51-30-1,,51,30, ,,,,,353,
14-30-1,,14,30, ,,,,,289,
55-30-1,,55,30, ,,,,,289,
61-30-1,,61,30, ,,,,,289,
75-4-1,,75,4, ,,,,,86,
7-30-1,,7,30, , ,,,,47,
25-30-1,,25,30, ,,,,,289,
60-30-1,,60,30, ,,,,,267,
31-30-1,,31,30, ,,,,,289,
76-30-1,,76,30, ,,,,,266,
12-30-1,,12,30, ,,,,,266,
32-30-1,,32,30, ,,,,,289,
33-30-1,,33,30, ,,,,,289,
28-30-1,,28,30, ,,,,,289,
5-30-1,,5,30, ,,,,,289,
37-30-1,,37,30, ,,,,,289,
53-31-1,,53,31, ,,,,,146,
30-31-1,,30,31, ,,,,,24,
18-31-1,,18,31, , ,,,,258,
74-31-1,,74,31, , ,,,,240,
11-31-1,,11,31, ,,,,,138,
16-31-1,,16,31, ,,,,,24,
67-31-1,,67,31, ,,,,,24,
61-31-1,,61,31, ,,,,,320,
75-31-1,,75,31, ,,,,,24,
16-32-1,,16,32, ,,,,,25,
67-32-1,,67,32, ,,,,,25,
75-32-1,,75,32, ,,,,,25,
16-21-2,,16,21, ,,,,,22,
19-33-1,,19,33, , ,,,,48,
6-33-1,,6,33, ,,,,,268,
47-33-1,,47,33, , ,,,,48,
15-33-1,,15,33, , ,,,,104,
30-21-2,,30,21, ,,,,,22,
38-33-1,,38,33, ,,,,,309,
11-33-1,,11,33, ,,,,,290,
42-33-1,,42,33, ,,,,,290,
43-33-1,,43,33, ,,,,,147,
53-33-1,,53,33, ,,,,,147,
54-33-1,,54,33, ,,,,,309,
63-33-1,,63,33, ,,,,,309,
64-33-1,,64,33, ,,,,,194,
67-21-2,,67,21, ,,,,,22,
71-33-1,,71,33, ,,,,,309,
73-33-1,,73,33, ,,,,,290,
74-33-1,,74,33, , ,,,,48,
18-33-1,,18,33, , ,,,,48,
46-33-1,,46,33, ,,,,,309,
51-33-1,,51,33, ,,,,,290,
14-33-1,,14,33, ,,,,,309,
55-33-1,,55,33, ,,,,,268,
61-33-1,,61,33, ,,,,,357,
75-21-2,,75,21, ,,,,,22,
61-33-2,,61,33, ,,,,,268,
7-33-1,,7,33, , ,,,,104,
25-33-1,,25,33, ,,,,,290,
60-33-1,,60,33, ,,,,,20,
31-33-1,,31,33, ,,,,,290,
76-33-1,,76,33, ,,,,,309,
12-33-1,,12,33, ,,,,,309,
32-33-1,,32,33, ,,,,,20,
33-33-1,,33,33, ,,,,,20,
33-33-2,,33,33, ,,,,,309,
28-33-1,,28,33, ,,,,,358,
5-33-1,,5,33, ,,,,,268,
37-33-1,,37,33, ,,,,,309,
43-34-1,,43,34, ,,,,,176,
46-34-1,,46,34, ,,,,,165,
61-34-1,,61,34, ,,,,,310,
16-35-1,,16,35, ,,,,,291,
67-35-1,,67,35, ,,,,,291,
75-35-1,,75,35, ,,,,,291,
19-35-1,,19,35, , ,,,,259,
6-35-1,,6,35, ,,,,,291,
47-35-1,,47,35, ,,,,,89,
15-35-1,,15,35, , ,,,,105,
30-78-1,,30,78, ,,,,,199,
38-35-1,,38,35, ,,,,,291,
11-35-1,,11,35, ,,,,,291,
42-35-1,,42,35, ,,,,,291,
53-35-1,,53,35, ,,,,,163,
54-35-1,,54,35, ,,,,,17,
63-35-1,,63,35, ,,,,,10,
64-35-1,,64,35, ,,,,,291,
71-35-1,,71,35, ,,,,,10,
73-35-1,,73,35, ,,,,,291,
74-35-1,,74,35, ,,,,,89,
18-35-1,,18,35, , ,,,,259,
46-35-1,,46,35, ,,,,,291,
51-35-1,,51,35, ,,,,,291,
14-35-1,,14,35, ,,,,,291,
55-35-1,,55,35, ,,,,,291,
7-35-1,,7,35, , ,,,,105,
25-35-1,,25,35, ,,,,,291,
60-35-1,,60,35, ,,,,,291,
31-35-1,,31,35, ,,,,,291,
32-35-1,,32,35, ,,,,,291,
33-35-1,,33,35, ,,,,,291,
28-35-1,,28,35, ,,,,,291,
5-35-1,,5,35, ,,,,,291,
37-35-1,,37,35, ,,,,,291,
16-3-1,,16,3, ,,,,,294,
19-36-1,,19,36, ,,,,,292,
6-36-1,,6,36, ,,,,,292,
47-36-1,,47,36, ,,,,,292,
15-36-1,,15,36, , ,,,,106,
30-36-1,,30,36, ,,,,,292,
38-36-1,,38,36, ,,,,,292,
11-36-1,,11,36, ,,,,,292,
42-36-1,,42,36, ,,,,,292,
53-36-1,,53,36, ,,,,,292,
54-36-1,,54,36, ,,,,,292,
63-36-1,,63,36, ,,,,,292,
64-36-1,,64,36, ,,,,,292,
67-3-1,,67,3, ,,,,,29,
71-36-1,,71,36, ,,,,,292,
73-36-1,,73,36, ,,,,,292,
74-36-1,,74,36, ,,,,,292,
18-36-1,,18,36, ,,,,,292,
46-36-1,,46,36, ,,,,,292,
51-36-1,,51,36, ,,,,,292,
14-36-1,,14,36, ,,,,,292,
55-36-1,,55,36, ,,,,,292,
75-3-1,,75,3, ,,,,,294,
7-36-1,,7,36, , ,,,,106,
25-36-1,,25,36, ,,,,,292,
60-36-1,,60,36, ,,,,,292,
31-36-1,,31,36, ,,,,,292,
76-35-1,,76,35, ,,,,,291,
12-35-1,,12,35, ,,,,,291,
32-36-1,,32,36, ,,,,,292,
33-36-1,,33,36, ,,,,,292,
28-36-1,,28,36, ,,,,,292,
5-36-1,,5,36, ,,,,,292,
37-36-1,,37,36, ,,,,,292,
19-37-1,,19,37, , ,,,,51,
6-37-1,,6,37, ,,,,,293,
47-37-1,,47,37, , ,,,,90,
15-37-1,,15,37, , ,,,,90,
30-37-1,,30,37, ,,,,,293,
38-37-1,,38,37, ,,,,,293,
11-37-1,,11,37, ,,,,,293,
42-37-1,,42,37, ,,,,,293,
63-37-1,,63,37, ,,,,,293,
64-37-1,,64,37, ,,,,,293,
71-37-1,,71,37, ,,,,,293,
73-37-1,,73,37, ,,,,,293,
74-37-1,,74,37, , ,,,,51,
18-37-1,,18,37, , ,,,,51,
46-37-1,,46,37, ,,,,,293,
51-37-1,,51,37, ,,,,,293,
14-37-1,,14,37, ,,,,,293,
55-37-1,,55,37, ,,,,,293,
61-24-1,,61,24, ,,,,,43,
7-37-1,,7,37, , ,,,,90,
25-37-1,,25,37, ,,,,,293,
60-37-1,,60,37, ,,,,,293,
31-37-1,,31,37, ,,,,,293,
32-37-1,,32,37, ,,,,,114,
33-37-1,,33,37, ,,,,,293,
28-37-1,,28,37, ,,,,,114,
5-37-1,,5,37, ,,,,,293,
37-37-1,,37,37, ,,,,,293,
16-38-1,,16,38, ,,,,,306,
43-38-1,,43,38, ,,,,,78,
67-38-1,,67,38, ,,,,,306,
75-38-1,,75,38, ,,,,,364,
19-38-1,,19,38, , ,,,,52,
6-38-1,,6,38, ,,,,,306,
47-38-1,,47,38, , ,,,,52,
15-38-1,,15,38, , ,,,,52,
30-38-1,,30,38, , ,,,,52,
38-38-1,,38,38, ,,,,,363,
11-38-1,,11,38, ,,,,,306,
42-38-1,,42,38, ,,,,,306,
43-38-2,,43,38, ,,,,,40,
63-38-1,,63,38, , ,,,,52,
64-38-1,,64,38, ,,,,,196,
71-38-1,,71,38, ,,,,,306,
73-38-1,,73,38, ,,,,,196,
74-38-1,,74,38, , ,,,,52,
18-38-1,,18,38, , ,,,,52,
46-38-1,,46,38, ,,,,,26,
51-38-1,,51,38, ,,,,,64,
14-38-1,,14,38, ,,,,,306,
55-38-1,,55,38, ,,,,,64,
7-38-1,,7,38, , ,,,,52,
25-38-1,,25,38, ,,,,,306,
60-38-1,,60,38, ,,,,,27,
31-38-1,,31,38, ,,,,,306,
31-38-2,,31,38, ,,,,,27,
76-38-1,,76,38, ,,,,,173,
12-38-1,,12,38, ,,,,,173,
32-38-1,,32,38, ,,,,,64,
33-38-1,,33,38, ,,,,,306,
28-38-1,,28,38, ,,,,,306,
5-38-1,,5,38, ,,,,,173,
37-38-1,,37,38, ,,,,,173,
37-38-2,,37,38, , ,,,,362,
16-40-1,,16,40, ,,,,,295,
43-40-1,,43,40, ,,,,,295,
67-40-1,,67,40, ,,,,,295,
75-40-1,,75,40, ,,,,,295,
19-40-1,,19,40, , ,,,,243,
6-40-1,,6,40, ,,,,,295,
47-40-1,,47,40, , ,,,,269,
15-40-1,,15,40, , ,,,,107,
30-40-1,,30,40, ,,,,,295,
38-40-1,,38,40, ,,,,,295,
11-40-1,,11,40, ,,,,,295,
42-40-1,,42,40, ,,,,,295,
54-40-1,,54,40, ,,,,,158,
63-40-1,,63,40, ,,,,,158,
64-40-1,,64,40, ,,,,,295,
71-40-1,,71,40, ,,,,,241,
73-40-1,,73,40, ,,,,,223,
74-40-1,,74,40, , ,,,,243,
18-40-1,,18,40, ,,,,,295,
46-40-1,,46,40, ,,,,,158,
51-40-1,,51,40, ,,,,,295,
14-40-1,,14,40, ,,,,,295,
55-40-1,,55,40, ,,,,,295,
61-8-1,,61,8, ,,,,,297,
61-40-1,,61,40, ,,,,,295,
7-40-1,,7,40, , ,,,,107,
25-40-1,,25,40, ,,,,,295,
60-40-1,,60,40, ,,,,,270,
31-40-1,,31,40, ,,,,,295,
76-40-1,,76,40, ,,,,,295,
12-40-1,,12,40, ,,,,,295,
32-40-1,,32,40, ,,,,,295,
33-40-1,,33,40, ,,,,,295,
28-40-1,,28,40, ,,,,,295,
5-40-1,,5,40, ,,,,,295,
37-40-1,,37,40, ,,,,,295,
75-41-1,,75,41, ,,,,,139,
16-42-1,,16,42, ,,,,,272,
19-42-1,,19,42, , ,,,,49,
6-42-1,,6,42, ,,,,,18,
47-42-1,,47,42, , ,,,,92,
15-42-1,,15,42, , ,,,,92,
30-42-1,,30,42, ,,,,,18,
38-42-1,,38,42, ,,,,,18,
11-42-1,,11,42, ,,,,,18,
42-42-1,,42,42, ,,,,,18,
43-42-1,,43,42, ,,,,,143,
53-42-1,,53,42, ,,,,,164,
54-42-1,,54,42, ,,,,,271,
63-42-1,,63,42, ,,,,,18,
64-42-1,,64,42, ,,,,,18,
67-42-1,,67,42, ,,,,,272,
71-42-1,,71,42, ,,,,,67,
73-42-1,,73,42, ,,,,,19,
74-42-1,,74,42, , ,,,,244,
18-42-1,,18,42, , ,,,,260,
46-42-1,,46,42, ,,,,,45,
51-42-1,,51,42, ,,,,,18,
14-42-1,,14,42, ,,,,,18,
55-42-1,,55,42, ,,,,,18,
61-42-1,,61,42, ,,,,,318,
75-42-1,,75,42, ,,,,,272,
7-42-1,,7,42, , ,,,,92,
25-42-1,,25,42, ,,,,,18,
60-42-1,,60,42, ,,,,,18,
31-42-1,,31,42, ,,,,,18,
76-42-1,,76,42, ,,,,,67,
12-42-1,,12,42, ,,,,,67,
32-42-1,,32,42, ,,,,,18,
33-42-1,,33,42, ,,,,,18,
28-42-1,,28,42, ,,,,,18,
5-42-1,,5,42, ,,,,,18,
37-42-1,,37,42, ,,,,,18,
18-43-1,,18,43, , ,,,,172,
16-43-1,,16,43, ,,,,,7,
67-43-1,,67,43, ,,,,,7,
61-43-1,,61,43, ,,,,,319,
75-43-1,,75,43, ,,,,,7,
46-44-1,,46,44, ,,,,,120,
30-45-1,,30,45, ,,,,,178,
11-45-1,,11,45, ,,,,,370,
73-45-1,,73,45, ,,,,,184,
73-46-1,,73,46, ,,,,,77,
74-47-1,,74,47, , ,,,,87,
14-47-1,,14,47, ,,,,,188,
46-48-1,,46,48, ,,,,,123,
46-50-1,,46,50, ,,,,,126,
55-51-1,,55,51, ,,,,,129,
63-52-1,,63,52, ,,,,,372,
46-52-1,,46,52, ,,,,,84,
30-81-1,,30,81, ,,,,,174,
30-53-1,,30,53, ,,,,,116,
11-53-1,,11,53, ,,,,,155,
73-53-1,,73,53, ,,,,,371,
74-53-1,,74,53, , ,,,,235,
46-53-1,,46,53, ,,,,,171,
46-55-1,,46,55, ,,,,,72,
30-84-1,,30,84, ,,,,,203,
11-56-1,,11,56, ,,,,,73,
74-56-1,,74,56, , ,,,,242,
46-57-1,,46,57, ,,,,,16,
53-58-1,,53,58, ,,,,,179,
63-59-1,,63,59, ,,,,,183,
63-60-1,,63,60, ,,,,,197,
18-60-1,,18,60, ,,,,,124,
53-5-1,,53,5, ,,,,,81,
18-61-1,,18,61, ,,,,,190,
18-62-1,,18,62, , ,,,,248,
53-63-1,,53,63, ,,,,,55,
74-64-1,,74,64, , ,,,,229,
53-65-1,,53,65, ,,,,,30,
53-66-1,,53,66, ,,,,,127,
74-14-2,,74,14, ,,,,,82,
53-67-1,,53,67, ,,,,,56,
53-68-1,,53,68, ,,,,,128,
63-69-1,,63,69, ,,,,,108,
63-70-1,,63,70, ,,,,,142,
53-71-1,,53,71, ,,,,,93,
63-72-1,,63,72, ,,,,,41,
53-73-1,,53,73, ,,,,,65,
63-74-1,,63,74, ,,,,,112,
63-75-1,,63,75, ,,,,,115,
53-43-1,,53,43, ,,,,,50,
43-24-2,,43,24, ,,,,,43,
16-79-1,,16,79, ,,,,,66,
67-79-1,,67,79, ,,,,,66,
75-79-1,,75,79, ,,,,,66,
16-80-1,,16,80, ,,,,,340,
67-80-1,,67,80, ,,,,,340,
67-81-1,,67,81, ,,,,,174,
16-82-1,,16,82, ,,,,,54,
67-82-1,,67,82, ,,,,,54,
75-82-1,,75,82, ,,,,,54,
67-83-1,,67,83, ,,,,,202,
61-8-2,,61,8, ,,,,,297,
61-88-1,,61,88, ,,,,,316,
61-89-1,,61,89, ,,,,,321,
61-90-1,,61,90, ,,,,,322,
61-92-1,,61,92, ,,,,,324,
61-94-1,,61,94, ,,,,,326,
61-96-1,,61,96, ,,,,,42,
61-107-1,,61,107, ,,,,,331,
10-24-1,,10,24, ,,,,,43,
10-35-1,,10,35, ,,,,,291,
10-8-1,,10,8, ,,,,,297,
10-14-1,,10,14, ,,,,,279,
10-15-1,,10,15, ,,,,,280,
10-25-1,,10,25, ,,,,,131,
10-6-1,,10,6, ,,,,,261,
10-10-1,,10,10, ,,,,,60,
10-33-1,,10,33, ,,,,,309,
10-16-1,,10,16, ,,,,,62,
10-21-1,,10,21, ,,,,,22,
10-22-1,,10,22, ,,,,,255,
10-18-1,,10,18, ,,,,,282,
10-28-1,,10,28, ,,,,,288,
10-30-1,,10,30, ,,,,,289,
10-9-1,,10,9, ,,,,,150,
10-36-1,,10,36, ,,,,,292,
10-37-1,,10,37, ,,,,,293,
10-13-1,,10,13, ,,,,,145,
10-38-1,,10,38, ,,,,,173,
10-40-1,,10,40, ,,,,,295,
10-42-1,,10,42, ,,,,,18,
40-1-1,,40,1, ,,,,,1,
40-3-1,,40,3, ,,,,,294,
40-4-1,,40,4, ,,,,,195,
40-6-1,,40,6, ,,,,,261,
40-8-1,,40,8, ,,,,,297,
40-9-1,,40,9, ,,,,,150,
40-10-1,,40,10, ,,,,,218,
40-13-1,,40,13, ,,,,,118,
40-15-1,,40,15, ,,,,,280,
40-16-1,,40,16, ,,,,,62,
40-18-1,,40,18, ,,,,,282,
40-21-1,,40,21, ,,,,,22,
40-22-1,,40,22, ,,,,,255,
40-24-1,,40,24, ,,,,,15,
40-25-1,,40,25, ,,,,,13,
40-27-1,,40,27, ,,,,,132,
40-28-1,,40,28, ,,,,,288,
40-76-1,,40,76, ,,,,,166,
40-30-1,,40,30, ,,,,,266,
40-33-1,,40,33, ,,,,,309,
40-35-1,,40,35, ,,,,,291,
40-36-1,,40,36, ,,,,,292,
40-37-1,,40,37, ,,,,,293,
40-38-1,,40,38, ,,,,,173,
40-40-1,,40,40, ,,,,,158,
40-42-1,,40,42, ,,,,,272,
4-1-1,,4,1, ,,,,,1,
4-3-1,,4,3, ,,,,,29,
4-4-1,,4,4, ,,,,,86,
4-6-1,,4,6, ,,,,,261,
4-8-1,,4,8, ,,,,,297,
4-9-1,,4,9, ,,,,,150,
4-10-1,,4,10, ,,,,,60,
4-13-1,,4,13, ,,,,,145,
4-14-1,,4,14, ,,,,,279,
4-15-1,,4,15, ,,,,,280,
4-16-1,,4,16, ,,,,,62,
4-18-1,,4,18, ,,,,,282,
4-21-1,,4,21, ,,,,,168,
4-22-1,,4,22, ,,,,,137,
4-24-1,,4,24, ,,,,,43,
4-25-1,,4,25, ,,,,,131,
4-27-1,,4,27, ,,,,,132,
4-28-1,,4,28, ,,,,,288,
4-30-1,,4,30, ,,,,,289,
4-33-1,,4,33, ,,,,,268,
4-35-1,,4,35, ,,,,,291,
4-36-1,,4,36, ,,,,,292,
4-37-1,,4,37, ,,,,,293,
4-38-1,,4,38, ,,,,,173,
4-40-1,,4,40, ,,,,,295,
4-42-1,,4,42, ,,,,,18,
34-1-1,,34,1, ,,,,,1,
34-3-1,,34,3, ,,,,,294,
34-4-1,,34,4, ,,,,,86,
34-6-1,,34,6, ,,,,,261,
34-8-1,,34,8, ,,,,,297,
34-9-1,,34,9, ,,,,,150,
34-10-1,,34,10, ,,,,,60,
34-13-1,,34,13, ,,,,,221,
34-14-1,,34,14, ,,,,,279,
34-15-1,,34,15, ,,,,,280,
34-16-1,,34,16, ,,,,,232,
34-18-1,,34,18, ,,,,,282,
34-21-1,,34,21, ,,,,,22,
34-22-1,,34,22, ,,,,,255,
34-24-1,,34,24, ,,,,,43,
34-25-1,,34,25, ,,,,,68,
34-27-1,,34,27, ,,,,,132,
34-28-1,,34,28, ,,,,,265,
34-30-1,,34,30, ,,,,,289,
34-33-1,,34,33, ,,,,,309,
34-35-1,,34,35, ,,,,,291,
34-36-1,,34,36, ,,,,,292,
34-37-1,,34,37, ,,,,,293,
34-38-1,,34,38, ,,,,,173,
34-40-1,,34,40, ,,,,,295,
34-42-1,,34,42, ,,,,,18,
35-1-1,,35,1, ,,,,,1,
35-3-1,,35,3, ,,,,,29,
35-4-1,,35,4, ,,,,,86,
35-6-1,,35,6, ,,,,,261,
35-8-1,,35,8, ,,,,,297,
35-9-1,,35,9, ,,,,,150,
35-10-1,,35,10, ,,,,,60,
35-13-1,,35,13, ,,,,,221,
35-14-1,,35,14, ,,,,,279,
35-15-1,,35,15, ,,,,,280,
35-16-1,,35,16, ,,,,,232,
35-18-1,,35,18, ,,,,,273,
35-21-1,,35,21, ,,,,,336,
35-22-1,,35,22, ,,,,,341,
35-24-1,,35,24, ,,,,,43,
35-25-1,,35,25, ,,,,,131,
35-27-1,,35,27, ,,,,,132,
35-28-1,,35,28, ,,,,,288,
35-30-1,,35,30, ,,,,,289,
35-33-1,,35,33, ,,,,,309,
35-35-1,,35,35, ,,,,,291,
35-36-1,,35,36, ,,,,,292,
35-38-1,,35,38, ,,,,,173,
35-40-1,,35,40, ,,,,,295,
35-42-1,,35,42, ,,,,,18,
23-1-1,,23,1, ,,,,,226,
23-3-1,,23,3, ,,,,,294,
23-4-1,,23,4, ,,,,,195,
23-6-1,,23,6, ,,,,,180,
23-8-1,,23,8, ,,,,,297,
23-9-1,,23,9, ,,,,,150,
23-10-1,,23,10, ,,,,,218,
23-13-1,,23,13, ,,,,,285,
23-14-1,,23,14, ,,,,,279,
23-15-1,,23,15, ,,,,,280,
23-16-1,,23,16, ,,,,,307,
23-18-1,,23,18, ,,,,,282,
23-21-1,,23,21, ,,,,,168,
23-22-1,,23,22, ,,,,,137,
23-24-1,,23,24, ,,,,,15,
23-25-1,,23,25, ,,,,,13,
23-27-1,,23,27, ,,,,,151,
23-28-1,,23,28, ,,,,,288,
23-30-1,,23,30, ,,,,,394,
23-33-1,,23,33, ,,,,,309,
23-35-1,,23,35, ,,,,,291,
23-36-1,,23,36, ,,,,,46,
23-38-1,,23,38, ,,,,,26,
23-40-1,,23,40, ,,,,,158,
23-42-1,,23,42, ,,,,,45,
22-1-1,,22,1, ,,,,,226,
22-3-1,,22,3, ,,,,,294,
22-4-1,,22,4, ,,,,,195,
22-6-1,,22,6, ,,,,,180,
22-8-1,,22,8, ,,,,,297,
22-9-1,,22,9, ,,,,,150,
22-10-1,,22,10, ,,,,,218,
22-13-1,,22,13, ,,,,,285,
22-14-1,,22,14, ,,,,,279,
22-15-1,,22,15, ,,,,,280,
22-16-1,,22,16, ,,,,,232,
22-18-1,,22,18, ,,,,,282,
22-21-1,,22,21, ,,,,,168,
22-22-1,,22,22, ,,,,,137,
22-24-1,,22,24, ,,,,,15,
22-25-1,,22,25, ,,,,,13,
22-27-1,,22,27, ,,,,,151,
22-28-1,,22,28, ,,,,,288,
22-30-1,,22,30, ,,,,,394,
22-33-1,,22,33, ,,,,,309,
22-35-1,,22,35, ,,,,,291,
22-36-1,,22,36, ,,,,,46,
22-38-1,,22,38, ,,,,,26,
22-40-1,,22,40, ,,,,,158,
22-42-1,,22,42, ,,,,,45,
21-1-1,,21,1, ,,,,,1,
21-3-1,,21,3, ,,,,,294,
21-4-1,,21,4, ,,,,,195,
21-6-1,,21,6, ,,,,,180,
21-8-1,,21,8, ,,,,,297,
21-9-1,,21,9, ,,,,,150,
21-10-1,,21,10, ,,,,,218,
21-13-1,,21,13, ,,,,,285,
21-14-1,,21,14, ,,,,,279,
21-15-1,,21,15, ,,,,,280,
21-16-1,,21,16, ,,,,,232,
21-18-1,,21,18, ,,,,,282,
21-21-1,,21,21, ,,,,,22,
21-22-1,,21,22, ,,,,,255,
21-24-1,,21,24, ,,,,,15,
21-25-1,,21,25, ,,,,,13,
21-27-1,,21,27, ,,,,,151,
21-28-1,,21,28, ,,,,,288,
21-30-1,,21,30, ,,,,,394,
21-33-1,,21,33, ,,,,,309,
21-35-1,,21,35, ,,,,,10,
21-36-1,,21,36, ,,,,,46,
21-38-1,,21,38, ,,,,,26,
21-40-1,,21,40, ,,,,,158,
21-42-1,,21,42, ,,,,,45,
66-1-1,,66,1, ,,,,,1,
66-77-1,,66,77, ,,,,,207,
66-3-1,,66,3, ,,,,,294,
66-10-1,,66,10, ,,,,,4,
66-6-1,,66,6, ,,,,,154,
66-8-1,,66,8, ,,,,,297,
66-43-1,,66,43, ,,,,,7,
66-42-1,,66,42, ,,,,,272,
66-78-1,,66,78, ,,,,,199,
66-14-1,,66,14, ,,,,,279,
66-16-1,,66,16, ,,,,,307,
66-18-1,,66,18, ,,,,,11,
66-21-1,,66,21, ,,,,,12,
66-13-1,,66,13, ,,,,,299,
66-24-1,,66,24, ,,,,,15,
66-22-1,,66,22, ,,,,,255,
66-25-1,,66,25, ,,,,,13,
66-4-1,,66,4, ,,,,,86,
66-21-2,,66,21, ,,,,,22,
66-40-1,,66,40, ,,,,,295,
66-9-1,,66,9, ,,,,,217,
66-38-1,,66,38, ,,,,,173,
66-35-1,,66,35, ,,,,,291,
66-5-1,,66,5, ,,,,,23,
66-31-1,,66,31, ,,,,,24,
66-32-1,,66,32, ,,,,,25,
66-80-1,,66,80, ,,,,,340,
66-81-1,,66,81, ,,,,,174,
66-82-1,,66,82, ,,,,,117,
66-83-1,,66,83, ,,,,,202,
66-84-1,,66,84, ,,,,,203,
49-1-1,,49,1, ,,,,,1,
49-3-1,,49,3, ,,,,,29,
49-4-1,,49,4, ,,,,,86,
49-6-1,,49,6, ,,,,,261,
49-8-1,,49,8, ,,,,,297,
49-9-1,,49,9, ,,,,,150,
49-10-1,,49,10, ,,,,,76,
49-13-1,,49,13, ,,,,,28,
49-14-1,,49,14, ,,,,,279,
49-15-1,,49,15, ,,,,,280,
49-16-1,,49,16, ,,,,,32,
49-18-1,,49,18, ,,,,,58,
49-21-1,,49,21, ,,,,,168,
49-22-1,,49,22, ,,,,,137,
49-24-1,,49,24, ,,,,,43,
49-25-1,,49,25, ,,,,,91,
49-27-1,,49,27, ,,,,,136,
49-28-1,,49,28, ,,,,,288,
49-30-1,,49,30, ,,,,,289,
49-33-1,,49,33, ,,,,,20,
49-35-1,,49,35, ,,,,,291,
49-36-1,,49,36, ,,,,,292,
49-37-1,,49,37, ,,,,,293,
49-38-1,,49,38, ,,,,,64,
49-40-1,,49,40, ,,,,,295,
49-42-1,,49,42, ,,,,,18,
70-1-1,,70,1, ,,,,,1,
70-3-1,,70,3, ,,,,,294,
70-4-1,,70,4, ,,,,,86,
70-6-1,,70,6, ,,,,,261,
70-8-1,,70,8, ,,,,,281,
70-9-1,,70,9, ,,,,,213,
70-10-1,,70,10, ,,,,,60,
70-13-1,,70,13, ,,,,,145,
70-14-1,,70,14, ,,,,,279,
70-15-1,,70,15, ,,,,,280,
70-18-1,,70,18, ,,,,,273,
70-20-1,,70,20, ,,,,,332,
70-21-1,,70,21, ,,,,,12,
70-22-1,,70,22, ,,,,,339,
70-51-1,,70,51, ,,,,,129,
70-24-1,,70,24, ,,,,,15,
70-25-1,,70,25, ,,,,,91,
70-27-1,,70,27, ,,,,,153,
70-28-1,,70,28, ,,,,,265,
70-30-1,,70,30, ,,,,,266,
70-33-1,,70,33, ,,,,,309,
70-35-1,,70,35, ,,,,,10,
70-36-1,,70,36, ,,,,,292,
70-38-1,,70,38, ,,,,,173,
70-42-1,,70,42, ,,,,,67,
68-1-1,,68,1, ,,,,,1,
68-3-1,,68,3, ,,,,,294,
68-4-1,,68,4, ,,,,,86,
68-6-1,,68,6, ,,,,,201,
68-8-1,,68,8, ,,,,,281,
68-9-1,,68,9, ,,,,,213,
68-10-1,,68,10, ,,,,,60,
68-13-1,,68,13, ,,,,,145,
68-14-1,,68,14, ,,,,,279,
68-15-1,,68,15, ,,,,,280,
68-18-1,,68,18, ,,,,,273,
68-20-1,,68,20, ,,,,,332,
68-21-1,,68,21, ,,,,,12,
68-22-1,,68,22, ,,,,,339,
68-51-1,,68,51, ,,,,,129,
68-24-1,,68,24, ,,,,,15,
68-25-1,,68,25, ,,,,,91,
68-27-1,,68,27, ,,,,,153,
68-28-1,,68,28, ,,,,,265,
68-30-1,,68,30, ,,,,,266,
68-33-1,,68,33, ,,,,,309,
68-35-1,,68,35, ,,,,,10,
68-36-1,,68,36, ,,,,,292,
68-38-1,,68,38, ,,,,,173,
68-40-1,,68,40, ,,,,,241,
68-42-1,,68,42, ,,,,,67,
58-1-1,,58,1, ,,,,,1,
58-3-1,,58,3, ,,,,,294,
58-4-1,,58,4, ,,,,,195,
58-6-1,,58,6, ,,,,,201,
58-8-1,,58,8, ,,,,,297,
58-9-1,,58,9, ,,,,,53,
58-10-1,,58,10, ,,,,,60,
58-13-1,,58,13, ,,,,,299,
58-14-1,,58,14, ,,,,,279,
58-15-1,,58,15, ,,,,,280,
58-16-1,,58,16, ,,,,,232,
58-18-1,,58,18, ,,,,,282,
58-21-1,,58,21, ,,,,,22,
58-22-1,,58,22, ,,,,,255,
58-24-1,,58,24, ,,,,,15,
58-25-1,,58,25, ,,,,,13,
58-27-1,,58,27, ,,,,,151,
58-28-1,,58,28, ,,,,,288,
58-30-1,,58,30, ,,,,,394,
58-33-1,,58,33, ,,,,,309,
58-35-1,,58,35, ,,,,,291,
58-36-1,,58,36, ,,,,,46,
58-37-1,,58,37, ,,,,,21,
58-38-1,,58,38, ,,,,,14,
58-40-1,,58,40, ,,,,,158,
58-42-1,,58,42, ,,,,,18,
58-2-1,,58,2, ,,,,,141,
58-53-1,,58,53, ,,,,,171,
20-1-1,,20,1, ,,,,,1,
20-3-1,,20,3, ,,,,,294,
20-4-1,,20,4, ,,,,,195,
20-6-1,,20,6, ,,,,,180,
20-8-1,,20,8, ,,,,,297,
20-9-1,,20,9, ,,,,,53,
20-10-1,,20,10, ,,,,,218,
20-13-1,,20,13, ,,,,,118,
20-14-1,,20,14, ,,,,,279,
20-16-1,,20,16, ,,,,,307,
20-18-1,,20,18, ,,,,,282,
20-21-1,,20,21, ,,,,,22,
20-22-1,,20,22, ,,,,,255,
20-24-1,,20,24, ,,,,,15,
20-25-1,,20,25, ,,,,,13,
20-27-1,,20,27, ,,,,,151,
20-28-1,,20,28, ,,,,,288,
20-30-1,,20,30, ,,,,,394,
20-33-1,,20,33, ,,,,,309,
20-35-1,,20,35, ,,,,,10,
20-36-1,,20,36, ,,,,,46,
20-37-1,,20,37, ,,,,,21,
20-38-1,,20,38, ,,,,,173,
20-40-1,,20,40, ,,,,,158,
20-42-1,,20,42, ,,,,,45,
20-2-1,,20,2, ,,,,,141,
20-54-1,,20,54, ,,,,,37,
48-1-1,,48,1, ,,,,,1,
48-3-1,,48,3, ,,,,,29,
48-4-1,,48,4, ,,,,,86,
48-6-1,,48,6, ,,,,,261,
48-8-1,,48,8, ,,,,,297,
48-9-1,,48,9, ,,,,,150,
48-10-1,,48,10, ,,,,,60,
48-13-1,,48,13, ,,,,,145,
48-14-1,,48,14, ,,,,,279,
48-15-1,,48,15, ,,,,,280,
48-16-1,,48,16, ,,,,,62,
48-18-1,,48,18, ,,,,,282,
48-21-1,,48,21, ,,,,,168,
48-22-1,,48,22, ,,,,,137,
48-24-1,,48,24, ,,,,,43,
48-25-1,,48,25, ,,,,,346,
48-27-1,,48,27, ,,,,,132,
48-28-1,,48,28, ,,,,,288,
48-30-1,,48,30, ,,,,,289,
48-33-1,,48,33, ,,,,,290,
48-35-1,,48,35, ,,,,,291,
48-36-1,,48,36, ,,,,,292,
48-37-1,,48,37, ,,,,,293,
48-38-1,,48,38, ,,,,,173,
48-40-1,,48,40, ,,,,,295,
48-42-1,,48,42, ,,,,,18,
59-1-1,,59,1, ,,,,,1,
59-3-1,,59,3, ,,,,,294,
59-4-1,,59,4, ,,,,,195,
59-6-1,,59,6, ,,,,,180,
59-8-1,,59,8, ,,,,,297,
59-9-1,,59,9, ,,,,,150,
59-10-1,,59,10, ,,,,,218,
59-13-1,,59,13, ,,,,,285,
59-14-1,,59,14, ,,,,,279,
59-15-1,,59,15, ,,,,,280,
59-16-1,,59,16, ,,,,,62,
59-18-1,,59,18, ,,,,,282,
59-21-1,,59,21, ,,,,,168,
59-22-1,,59,22, ,,,,,137,
59-24-1,,59,24, ,,,,,15,
59-25-1,,59,25, ,,,,,131,
59-27-1,,59,27, ,,,,,151,
59-28-1,,59,28, ,,,,,288,
59-30-1,,59,30, ,,,,,394,
59-33-1,,59,33, ,,,,,309,
59-35-1,,59,35, ,,,,,291,
59-36-1,,59,36, ,,,,,292,
59-37-1,,59,37, ,,,,,293,
59-38-1,,59,38, ,,,,,26,
59-40-1,,59,40, ,,,,,158,
59-42-1,,59,42, ,,,,,18,
59-2-1,,59,2, ,,,,,141,
59-54-1,,59,54, ,,,,,135,
10-1-1,,10,1, ,,,,,1,
10-3-1,,10,3, ,,,,,294,
66-28-1,,66,28, ,,,,,288,
39-1-1,,39,1, ,,,,,1,
39-3-1,,39,3, ,,,,,294,
39-4-1,,39,4, ,,,,,195,
39-6-1,,39,6, ,,,,,200,
39-8-1,,39,8, ,,,,,297,
39-9-1,,39,9, ,,,,,150,
39-10-1,,39,10, ,,,,,218,
39-13-1,,39,13, ,,,,,118,
39-14-1,,39,14, ,,,,,279,
39-16-1,,39,16, ,,,,,246,
39-18-1,,39,18, ,,,,,282,
39-21-1,,39,21, ,,,,,22,
39-22-1,,39,22, ,,,,,255,
39-24-1,,39,24, ,,,,,15,
39-25-1,,39,25, ,,,,,13,
39-27-1,,39,27, ,,,,,151,
39-28-1,,39,28, ,,,,,288,
39-76-1,,39,76, ,,,,,166,
39-30-1,,39,30, ,,,,,266,
39-33-1,,39,33, ,,,,,309,
39-35-1,,39,35, ,,,,,291,
39-36-1,,39,36, ,,,,,292,
39-37-1,,39,37, ,,,,,293,
39-38-1,,39,38, ,,,,,173,
39-40-1,,39,40, ,,,,,295,
39-42-1,,39,42, ,,,,,272,
13-1-1,,13,1, ,,,,,1,
13-3-1,,13,3, ,,,,,29,
13-4-1,,13,4, ,,,,,86,
13-6-1,,13,6, ,,,,,261,
13-8-1,,13,8, ,,,,,297,
13-9-1,,13,9, ,,,,,150,
13-10-1,,13,10, ,,,,,60,
13-13-1,,13,13, ,,,,,221,
13-14-1,,13,14, ,,,,,279,
13-15-1,,13,15, ,,,,,280,
13-16-1,,13,16, ,,,,,62,
13-18-1,,13,18, ,,,,,282,
13-21-1,,13,21, ,,,,,22,
13-22-1,,13,22, ,,,,,255,
13-24-1,,13,24, ,,,,,43,
13-25-1,,13,25, ,,,,,131,
13-27-1,,13,27, ,,,,,132,
13-28-1,,13,28, ,,,,,288,
13-30-1,,13,30, ,,,,,289,
13-33-1,,13,33, ,,,,,309,
13-35-1,,13,35, ,,,,,291,
13-36-1,,13,36, ,,,,,292,
13-38-1,,13,38, ,,,,,173,
13-40-1,,13,40, ,,,,,295,
13-42-1,,13,42, ,,,,,18,
8-1-1,,8,1, ,,,,,1,
8-3-1,,8,3, ,,,,,294,
8-4-1,,8,4, ,,,,,195,
8-6-1,,8,6, ,,,,,261,
8-8-1,,8,8, ,,,,,297,
8-9-1,,8,9, ,,,,,150,
8-10-1,,8,10, ,,,,,218,
8-13-1,,8,13, ,,,,,118,
8-14-1,,8,14, ,,,,,279,
8-15-1,,8,15, ,,,,,280,
8-16-1,,8,16, ,,,,,246,
8-18-1,,8,18, ,,,,,282,
8-21-1,,8,21, ,,,,,22,
8-22-1,,8,22, ,,,,,255,
8-24-1,,8,24, ,,,,,15,
8-25-1,,8,25, ,,,,,13,
8-27-1,,8,27, ,,,,,151,
8-28-1,,8,28, ,,,,,288,
8-76-1,,8,76, ,,,,,166,
8-30-1,,8,30, ,,,,,266,
8-33-1,,8,33, ,,,,,309,
8-35-1,,8,35, ,,,,,291,
8-36-1,,8,36, ,,,,,292,
8-37-1,,8,37, ,,,,,293,
8-38-1,,8,38, ,,,,,173,
8-40-1,,8,40, ,,,,,295,
8-42-1,,8,42, ,,,,,272,
9-1-1,,9,1, ,,,,,1,
9-3-1,,9,3, ,,,,,294,
9-4-1,,9,4, ,,,,,195,
9-6-1,,9,6, ,,,,,261,
9-8-1,,9,8, ,,,,,297,
9-9-1,,9,9, ,,,,,150,
9-10-1,,9,10, ,,,,,218,
9-13-1,,9,13, ,,,,,118,
9-14-1,,9,14, ,,,,,279,
9-16-1,,9,16, ,,,,,307,
9-18-1,,9,18, ,,,,,282,
9-21-1,,9,21, ,,,,,22,
9-22-1,,9,22, ,,,,,255,
9-24-1,,9,24, ,,,,,15,
9-25-1,,9,25, ,,,,,13,
9-27-1,,9,27, ,,,,,151,
9-28-1,,9,28, ,,,,,288,
9-76-1,,9,76, ,,,,,166,
9-30-1,,9,30, ,,,,,266,
9-33-1,,9,33, ,,,,,309,
9-35-1,,9,35, ,,,,,291,
9-36-1,,9,36, ,,,,,292,
9-37-1,,9,37, ,,,,,293,
9-38-1,,9,38, ,,,,,173,
9-40-1,,9,40, ,,,,,295,
9-42-1,,9,42, ,,,,,272,
44-1-1,,44,1, ,,,,,1,
44-3-1,,44,3, ,,,,,294,
44-4-1,,44,4, ,,,,,195,
44-6-1,,44,6, ,,,,,261,
44-8-1,,44,8, ,,,,,297,
44-9-1,,44,9, ,,,,,150,
44-10-1,,44,10, ,,,,,218,
44-13-1,,44,13, ,,,,,118,
44-14-1,,44,14, ,,,,,279,
44-16-1,,44,16, ,,,,,246,
44-18-1,,44,18, ,,,,,282,
44-21-1,,44,21, ,,,,,22,
44-22-1,,44,22, ,,,,,255,
44-24-1,,44,24, ,,,,,15,
44-25-1,,44,25, ,,,,,13,
44-27-1,,44,27, ,,,,,151,
44-28-1,,44,28, ,,,,,288,
44-76-1,,44,76, ,,,,,166,
44-30-1,,44,30, ,,,,,266,
44-33-1,,44,33, ,,,,,309,
44-35-1,,44,35, ,,,,,291,
44-36-1,,44,36, ,,,,,292,
44-37-1,,44,37, ,,,,,293,
44-38-1,,44,38, ,,,,,173,
44-40-1,,44,40, ,,,,,295,
44-42-1,,44,42, ,,,,,272,
72-1-1,,72,1, ,,,,,181,
72-3-1,,72,3, ,,,,,182,
72-4-1,,72,4, ,,,,,86,
72-6-1,,72,6, ,,,,,215,
72-8-1,,72,8, ,,,,,216,
72-9-1,,72,9, ,,,,,150,
72-10-1,,72,10, ,,,,,186,
72-13-1,,72,13, ,,,,,187,
72-14-1,,72,14, ,,,,,279,
72-15-1,,72,15, ,,,,,219,
72-16-1,,72,16, ,,,,,59,
72-18-1,,72,18, ,,,,,273,
72-21-1,,72,21, ,,,,,22,
72-22-1,,72,22, ,,,,,255,
72-24-1,,72,24, ,,,,,43,
72-25-1,,72,25, ,,,,,8,
72-27-1,,72,27, ,,,,,191,
72-28-1,,72,28, ,,,,,222,
72-30-1,,72,30, ,,,,,193,
72-33-1,,72,33, ,,,,,290,
72-35-1,,72,35, ,,,,,291,
72-36-1,,72,36, ,,,,,292,
72-38-1,,72,38, ,,,,,196,
72-40-1,,72,40, ,,,,,223,
72-42-1,,72,42, ,,,,,19,
3-1-1,,3,1, ,,,,,1,
3-3-1,,3,3, ,,,,,29,
3-4-1,,3,4, ,,,,,86,
3-6-1,,3,6, ,,,,,261,
3-8-1,,3,8, ,,,,,297,
3-9-1,,3,9, ,,,,,150,
3-10-1,,3,10, ,,,,,60,
3-13-1,,3,13, ,,,,,145,
3-14-1,,3,14, ,,,,,279,
3-15-1,,3,15, ,,,,,280,
3-16-1,,3,16, ,,,,,62,
3-18-1,,3,18, ,,,,,282,
3-21-1,,3,21, ,,,,,22,
3-22-1,,3,22, ,,,,,255,
3-24-1,,3,24, ,,,,,43,
3-25-1,,3,25, ,,,,,131,
3-27-1,,3,27, ,,,,,132,
3-28-1,,3,28, ,,,,,288,
3-30-1,,3,30, ,,,,,289,
3-33-1,,3,33, ,,,,,268,
3-35-1,,3,35, ,,,,,291,
3-36-1,,3,36, ,,,,,292,
3-37-1,,3,37, ,,,,,293,
3-38-1,,3,38, ,,,,,173,
3-40-1,,3,40, ,,,,,295,
3-42-1,,3,42, ,,,,,18,
27-1-1,,27,1, ,,,,,1,
27-3-1,,27,3, ,,,,,29,
27-4-1,,27,4, ,,,,,86,
27-6-1,,27,6, ,,,,,261,
27-8-1,,27,8, ,,,,,216,
27-9-1,,27,9, ,,,,,150,
27-10-1,,27,10, ,,,,,60,
27-13-1,,27,13, ,,,,,145,
27-14-1,,27,14, ,,,,,301,
27-15-1,,27,15, ,,,,,280,
27-16-1,,27,16, ,,,,,62,
27-18-1,,27,18, ,,,,,282,
27-21-1,,27,21, ,,,,,22,
27-22-1,,27,22, ,,,,,255,
27-24-1,,27,24, ,,,,,43,
27-25-1,,27,25, ,,,,,68,
27-27-1,,27,27, ,,,,,132,
27-28-1,,27,28, ,,,,,288,
27-30-1,,27,30, ,,,,,289,
27-33-1,,27,33, ,,,,,309,
27-35-1,,27,35, ,,,,,291,
27-36-1,,27,36, ,,,,,292,
27-37-1,,27,37, ,,,,,114,
27-38-1,,27,38, ,,,,,173,
27-40-1,,27,40, ,,,,,295,
27-42-1,,27,42, ,,,,,18,
50-1-1,,50,1, ,,,,,1,
50-3-1,,50,3, ,,,,,29,
50-4-1,,50,4, ,,,,,86,
50-6-1,,50,6, ,,,,,261,
50-8-1,,50,8, ,,,,,297,
50-9-1,,50,9, ,,,,,150,
50-10-1,,50,10, ,,,,,60,
50-13-1,,50,13, ,,,,,221,
50-14-1,,50,14, ,,,,,279,
50-15-1,,50,15, ,,,,,280,
50-16-1,,50,16, ,,,,,246,
50-18-1,,50,18, ,,,,,282,
50-21-1,,50,21, ,,,,,22,
50-22-1,,50,22, ,,,,,255,
50-24-1,,50,24, ,,,,,43,
50-25-1,,50,25, ,,,,,346,
50-27-1,,50,27, ,,,,,132,
50-28-1,,50,28, ,,,,,288,
50-30-1,,50,30, ,,,,,289,
50-33-1,,50,33, ,,,,,309,
50-35-1,,50,35, ,,,,,291,
50-36-1,,50,36, ,,,,,292,
50-38-1,,50,38, ,,,,,173,
50-40-1,,50,40, ,,,,,295,
50-42-1,,50,42, ,,,,,18,
69-1-1,,69,1, ,,,,,1,
69-3-1,,69,3, ,,,,,294,
69-4-1,,69,4, ,,,,,86,
69-6-1,,69,6, ,,,,,261,
69-8-1,,69,8, ,,,,,281,
69-9-1,,69,9, ,,,,,213,
69-10-1,,69,10, ,,,,,60,
69-13-1,,69,13, ,,,,,145,
69-14-1,,69,14, ,,,,,279,
69-15-1,,69,15, ,,,,,280,
69-18-1,,69,18, ,,,,,273,
69-20-1,,69,20, ,,,,,332,
69-21-1,,69,21, ,,,,,12,
69-22-1,,69,22, ,,,,,339,
69-51-1,,69,51, ,,,,,129,
69-24-1,,69,24, ,,,,,15,
69-25-1,,69,25, ,,,,,91,
69-27-1,,69,27, ,,,,,153,
69-28-1,,69,28, ,,,,,265,
69-30-1,,69,30, ,,,,,266,
69-33-1,,69,33, ,,,,,309,
69-35-1,,69,35, ,,,,,10,
69-36-1,,69,36, ,,,,,292,
69-38-1,,69,38, ,,,,,173,
69-42-1,,69,42, ,,,,,67,
29-1-1,,29,1, ,,,,,1,
29-3-1,,29,3, ,,,,,294,
29-35-1,,29,35, ,,,,,291,
29-6-1,,29,6, ,,,,,111,
29-8-1,,29,8, ,,,,,204,
29-9-1,,29,9, ,,,,,214,
29-10-1,,29,10, ,,,,,60,
29-13-1,,29,13, ,,,,,113,
29-14-1,,29,14, ,,,,,279,
29-15-1,,29,15, ,,,,,31,
29-16-1,,29,16, ,,,,,232,
29-18-1,,29,18, ,,,,,282,
29-21-1,,29,21, ,,,,,12,
29-13-2,,29,13, ,,,,,299,
29-24-1,,29,24, ,,,,,15,
29-22-1,,29,22, ,,,,,255,
29-27-1,,29,27, ,,,,,263,
29-25-1,,29,25, ,,,,,121,
29-4-1,,29,4, ,,,,,86,
29-31-1,,29,31, ,,,,,24,
29-43-1,,29,43, ,,,,,7,
29-43-2,,29,43, ,,,,,101,
29-21-2,,29,21, ,,,,,22,
29-78-1,,29,78, ,,,,,199,
29-36-1,,29,36, ,,,,,292,
29-37-1,,29,37, ,,,,,293,
29-81-1,,29,81, ,,,,,174,
29-45-1,,29,45, ,,,,,178,
29-53-1,,29,53, ,,,,,116,
29-84-1,,29,84, ,,,,,203,
29-38-1,,29,38, ,,,,,173,
29-40-1,,29,40, ,,,,,295,
17-1-1,,17,1, ,,,,,1,
17-3-1,,17,3, ,,,,,29,
17-4-1,,17,4, ,,,,,86,
17-13-1,,17,13, ,,,,,145,
17-47-1,,17,47, ,,,,,189,
17-6-1,,17,6, ,,,,,261,
17-8-1,,17,8, ,,,,,298,
17-9-1,,17,9, ,,,,,150,
17-10-1,,17,10, ,,,,,60,
17-13-2,,17,13, ,,,,,205,
17-14-1,,17,14, ,,,,,279,
17-15-1,,17,15, ,,,,,280,
17-16-1,,17,16, ,,,,,312,
17-18-1,,17,18, ,,,,,282,
17-20-1,,17,20, ,,,,,5,
17-21-1,,17,21, ,,,,,9,
17-22-1,,17,22, ,,,,,339,
17-51-1,,17,51, ,,,,,129,
17-24-1,,17,24, ,,,,,15,
17-25-1,,17,25, ,,,,,91,
17-27-1,,17,27, ,,,,,153,
17-28-1,,17,28, ,,,,,288,
17-29-1,,17,29, ,,,,,133,
17-30-1,,17,30, ,,,,,266,
17-33-1,,17,33, ,,,,,309,
17-35-1,,17,35, ,,,,,10,
17-36-1,,17,36, ,,,,,292,
17-37-1,,17,37, ,,,,,293,
17-38-1,,17,38, ,,,,,306,
17-40-1,,17,40, ,,,,,241,
17-42-1,,17,42, ,,,,,67,
24-1-1,,24,1, ,,,,,226,
24-3-1,,24,3, ,,,,,294,
24-4-1,,24,4, ,,,,,195,
24-6-1,,24,6, ,,,,,180,
24-8-1,,24,8, ,,,,,297,
24-9-1,,24,9, ,,,,,150,
24-10-1,,24,10, ,,,,,218,
24-13-1,,24,13, ,,,,,285,
24-14-1,,24,14, ,,,,,279,
24-15-1,,24,15, ,,,,,280,
24-16-1,,24,16, ,,,,,232,
24-18-1,,24,18, ,,,,,282,
24-21-1,,24,21, ,,,,,168,
24-22-1,,24,22, ,,,,,137,
24-24-1,,24,24, ,,,,,15,
24-25-1,,24,25, ,,,,,13,
24-27-1,,24,27, ,,,,,151,
24-28-1,,24,28, ,,,,,288,
24-30-1,,24,30, ,,,,,394,
24-33-1,,24,33, ,,,,,309,
24-35-1,,24,35, ,,,,,291,
24-36-1,,24,36, ,,,,,46,
24-37-1,,24,37, ,,,,,74,
24-38-1,,24,38, ,,,,,26,
24-40-1,,24,40, ,,,,,158,
24-42-1,,24,42, ,,,,,45,
24-2-1,,24,2, ,,,,,141,
24-54-1,,24,54, ,,,,,135,
24-46-1,,24,46, ,,,,,134,
41-1-1,,41,1, ,,,,,1,
41-45-1,,41,45, ,,,,,178,
41-3-1,,41,3, ,,,,,294,
41-4-1,,41,4, ,,,,,195,
41-5-1,,41,5, ,,,,,149,
41-6-1,,41,6, ,,,,,180,
41-8-1,,41,8, ,,,,,297,
41-9-1,,41,9, ,,,,,150,
41-10-1,,41,10, ,,,,,218,
41-13-1,,41,13, ,,,,,118,
41-14-1,,41,14, ,,,,,279,
41-15-1,,41,15, ,,,,,280,
41-16-1,,41,16, ,,,,,232,
41-18-1,,41,18, ,,,,,282,
41-21-1,,41,21, ,,,,,22,
41-22-1,,41,22, ,,,,,255,
41-24-1,,41,24, ,,,,,15,
41-53-1,,41,53, ,,,,,373,
41-25-1,,41,25, ,,,,,13,
41-27-1,,41,27, ,,,,,132,
41-28-1,,41,28, ,,,,,288,
41-30-1,,41,30, ,,,,,394,
41-31-1,,41,31, ,,,,,61,
41-33-1,,41,33, ,,,,,309,
41-35-1,,41,35, ,,,,,291,
41-56-1,,41,56, ,,,,,63,
41-36-1,,41,36, ,,,,,292,
41-37-1,,41,37, ,,,,,293,
41-38-1,,41,38, ,,,,,157,
41-40-1,,41,40, ,,,,,158,
41-42-1,,41,42, ,,,,,272,
45-1-1,,45,1, ,,,,,1,
45-3-1,,45,3, ,,,,,294,
45-4-1,,45,4, ,,,,,195,
45-6-1,,45,6, ,,,,,180,
45-8-1,,45,8, ,,,,,297,
45-9-1,,45,9, ,,,,,53,
45-10-1,,45,10, ,,,,,35,
45-13-1,,45,13, ,,,,,145,
45-14-1,,45,14, ,,,,,279,
45-16-1,,45,16, ,,,,,232,
45-18-1,,45,18, ,,,,,282,
45-21-1,,45,21, ,,,,,22,
45-22-1,,45,22, ,,,,,255,
45-24-1,,45,24, ,,,,,15,
45-25-1,,45,25, ,,,,,13,
45-27-1,,45,27, ,,,,,151,
45-28-1,,45,28, ,,,,,288,
45-30-1,,45,30, ,,,,,394,
45-33-1,,45,33, ,,,,,309,
45-35-1,,45,35, ,,,,,291,
45-36-1,,45,36, ,,,,,46,
45-38-1,,45,38, ,,,,,26,
45-40-1,,45,40, ,,,,,158,
45-42-1,,45,42, ,,,,,45,
45-34-1,,45,34, ,,,,,165,
45-2-1,,45,2, ,,,,,141,
45-53-1,,45,53, ,,,,,171,
36-1-1,,36,1, ,,,,,1,
36-3-1,,36,3, ,,,,,29,
36-4-1,,36,4, ,,,,,86,
36-6-1,,36,6, ,,,,,261,
36-8-1,,36,8, ,,,,,297,
36-9-1,,36,9, ,,,,,150,
36-10-1,,36,10, ,,,,,60,
36-13-1,,36,13, ,,,,,145,
36-14-1,,36,14, ,,,,,279,
36-15-1,,36,15, ,,,,,280,
36-16-1,,36,16, ,,,,,62,
36-18-1,,36,18, ,,,,,282,
36-21-1,,36,21, ,,,,,22,
36-22-1,,36,22, ,,,,,255,
36-24-1,,36,24, ,,,,,43,
36-25-1,,36,25, ,,,,,131,
36-27-1,,36,27, ,,,,,132,
36-28-1,,36,28, ,,,,,288,
36-30-1,,36,30, ,,,,,289,
36-33-1,,36,33, ,,,,,309,
36-35-1,,36,35, ,,,,,291,
36-36-1,,36,36, ,,,,,292,
36-37-1,,36,37, ,,,,,293,
36-38-1,,36,38, ,,,,,173,
36-38-2,,36,38, ,,,,,362,
36-40-1,,36,40, ,,,,,295,
36-42-1,,36,42, ,,,,,18,
57-1-1,,57,1, ,,,,,1,
57-3-1,,57,3, ,,,,,294,
57-4-1,,57,4, ,,,,,195,
57-6-1,,57,6, ,,,,,201,
57-8-1,,57,8, ,,,,,297,
57-9-1,,57,9, ,,,,,53,
57-10-1,,57,10, ,,,,,60,
57-13-1,,57,13, ,,,,,299,
57-14-1,,57,14, ,,,,,279,
57-15-1,,57,15, ,,,,,280,
57-16-1,,57,16, ,,,,,232,
57-18-1,,57,18, ,,,,,282,
57-21-1,,57,21, ,,,,,22,
57-22-1,,57,22, ,,,,,255,
57-24-1,,57,24, ,,,,,15,
57-25-1,,57,25, ,,,,,131,
57-27-1,,57,27, ,,,,,132,
57-28-1,,57,28, ,,,,,288,
57-30-1,,57,30, ,,,,,394,
57-33-1,,57,33, ,,,,,309,
57-35-1,,57,35, ,,,,,291,
57-36-1,,57,36, ,,,,,46,
57-37-1,,57,37, ,,,,,21,
57-38-1,,57,38, ,,,,,14,
57-40-1,,57,40, ,,,,,158,
57-42-1,,57,42, ,,,,,18,
57-2-1,,57,2, ,,,,,141,
57-53-1,,57,53, ,,,,,171,
71-20-1,,71,20, ,,,,,5,
71-51-1,,71,51, ,,,,,129,
71-29-1,,71,29, ,,,,,133,
19-44-1,,19,44, , ,,,,185,
19-3-2,,19,3, , ,,,,208,
19-4-2,,19,4, ,,,,,195,
19-8-2,,19,8, , ,,,,212,
19-9-2,,19,9, , ,,,,228,
19-5-1,,19,5, , ,,,,119,
19-24-2,,19,24, ,,,,,15,
19-27-2,,19,27, , ,,,,237,
19-30-2,,19,30, , ,,,,159,
56-1-1,,56,1, , ,,,,347,
56-3-1,,56,3, , ,,,,2,
56-4-1,,56,4, ,,,,,195,
56-6-1,,56,6, , ,,,,247,
56-8-1,,56,8, , ,,,,211,
56-9-1,,56,9, , ,,,,79,
56-10-1,,56,10, , ,,,,80,
56-13-1,,56,13, , ,,,,96,
56-14-1,,56,14, , ,,,,97,
56-15-1,,56,15, , ,,,,98,
56-16-1,,56,16, , ,,,,99,
56-18-1,,56,18, , ,,,,100,
56-21-1,,56,21, , ,,,,225,
56-22-1,,56,22, , ,,,,85,
56-24-1,,56,24, , ,,,,102,
56-25-1,,56,25, , ,,,,103,
56-27-1,,56,27, , ,,,,237,
56-28-1,,56,28, , ,,,,88,
56-30-1,,56,30, , ,,,,351,
56-33-1,,56,33, , ,,,,104,
56-35-1,,56,35, , ,,,,105,
56-36-1,,56,36, , ,,,,106,
56-37-1,,56,37, , ,,,,90,
56-38-1,,56,38, , ,,,,52,
56-40-1,,56,40, , ,,,,107,
56-42-1,,56,42, , ,,,,92,
62-1-1,,62,1, ,,,,,1,
62-3-1,,62,3, ,,,,,29,
62-4-1,,62,4, ,,,,,195,
62-6-1,,62,6, ,,,,,201,
62-8-1,,62,8, ,,,,,297,
62-9-1,,62,9, ,,,,,150,
62-10-1,,62,10, ,,,,,218,
62-13-1,,62,13, ,,,,,299,
62-14-1,,62,14, ,,,,,279,
62-16-1,,62,16, ,,,,,232,
62-18-1,,62,18, ,,,,,282,
62-21-1,,62,21, ,,,,,336,
62-22-1,,62,22, ,,,,,255,
62-24-1,,62,24, ,,,,,15,
62-25-1,,62,25, ,,,,,13,
62-28-1,,62,28, ,,,,,288,
62-30-1,,62,30, ,,,,,266,
62-33-1,,62,33, ,,,,,309,
62-35-1,,62,35, ,,,,,291,
62-37-1,,62,37, ,,,,,293,
62-38-1,,62,38, , ,,,,365,
62-40-1,,62,40, ,,,,,158,
62-42-1,,62,42, ,,,,,18,
62-74-1,,62,74, ,,,,,112,
62-75-1,,62,75, ,,,,,115,
26-1-1,,26,1, ,,,,,1,
26-3-1,,26,3, ,,,,,29,
26-4-1,,26,4, ,,,,,86,
26-6-1,,26,6, ,,,,,261,
26-8-1,,26,8, ,,,,,216,
26-9-1,,26,9, ,,,,,150,
26-10-1,,26,10, ,,,,,218,
26-13-1,,26,13, ,,,,,145,
26-14-1,,26,14, ,,,,,279,
26-15-1,,26,15, ,,,,,280,
26-16-1,,26,16, ,,,,,307,
26-18-1,,26,18, ,,,,,282,
26-21-1,,26,21, ,,,,,22,
26-22-1,,26,22, ,,,,,255,
26-24-1,,26,24, ,,,,,15,
26-25-1,,26,25, ,,,,,68,
26-27-1,,26,27, ,,,,,132,
26-28-1,,26,28, ,,,,,288,
26-30-1,,26,30, ,,,,,289,
26-33-1,,26,33, ,,,,,309,
26-35-1,,26,35, ,,,,,291,
26-36-1,,26,36, ,,,,,292,
26-37-1,,26,37, ,,,,,114,
26-38-1,,26,38, ,,,,,173,
26-40-1,,26,40, ,,,,,295,
26-42-1,,26,42, ,,,,,18,
2-1-1,,2,1, ,,,,,226,
2-3-1,,2,3, ,,,,,29,
2-4-1,,2,4, ,,,,,86,
2-47-1,,2,47, ,,,,,189,
2-6-1,,2,6, ,,,,,277,
2-6-2,,2,6, ,,,,,261,
2-8-1,,2,8, ,,,,,278,
2-49-1,,2,49, ,,,,,377,
2-9-1,,2,9, ,,,,,150,
2-10-1,,2,10, ,,,,,286,
2-12-1,,2,12, ,,,,,378,
2-13-1,,2,13, ,,,,,283,
2-14-1,,2,14, ,,,,,279,
2-15-1,,2,15, ,,,,,280,
2-16-1,,2,16, ,,,,,62,
2-18-1,,2,18, ,,,,,58,
2-20-1,,2,20, ,,,,,329,
2-21-1,,2,21, ,,,,,12,
2-22-1,,2,22, ,,,,,255,
2-23-1,,2,23, ,,,,,345,
2-24-1,,2,24, ,,,,,43,
2-25-1,,2,25, ,,,,,8,
2-27-1,,2,27, ,,,,,348,
2-28-1,,2,28, ,,,,,220,
2-29-1,,2,29, ,,,,,349,
2-30-1,,2,30, ,,,,,353,
2-31-1,,2,31, ,,,,,354,
2-33-1,,2,33, ,,,,,162,
2-34-1,,2,34, ,,,,,308,
2-35-1,,2,35, ,,,,,291,
2-36-1,,2,36, ,,,,,292,
2-38-1,,2,38, ,,,,,361,
2-39-1,,2,39, ,,,,,379,
2-40-1,,2,40, ,,,,,295,
2-42-1,,2,42, ,,,,,333,
2-43-1,,2,43, ,,,,,369,
52-1-1,,52,1, ,,,,,287,
52-3-1,,52,3, ,,,,,276,
52-33-1,,52,33, ,,,,,357,
52-34-1,,52,34, ,,,,,359,
52-15-1,,52,15, ,,,,,305,
52-13-1,,52,13, ,,,,,284,
52-17-1,,52,17, ,,,,,315,
52-6-1,,52,6, ,,,,,3,
52-88-1,,52,88, ,,,,,367,
52-28-1,,52,28, ,,,,,303,
52-42-1,,52,42, ,,,,,366,
52-30-1,,52,30, ,,,,,350,
52-31-1,,52,31, ,,,,,355,
52-89-1,,52,89, ,,,,,374,
52-90-1,,52,90, ,,,,,375,
52-91-1,,52,91, ,,,,,274,
52-92-1,,52,92, ,,,,,376,
52-93-1,,52,93, ,,,,,275,
52-10-1,,52,10, ,,,,,328,
52-9-1,,52,9, ,,,,,144,
52-27-1,,52,27, ,,,,,348,
52-16-1,,52,16, ,,,,,314,
52-18-1,,52,18, ,,,,,282,
52-95-1,,52,95, ,,,,,381,
52-21-1,,52,21, ,,,,,335,
52-22-1,,52,22, ,,,,,344,
52-37-1,,52,37, ,,,,,360,
52-40-1,,52,40, ,,,,,295,
52-107-1,,52,107, ,,,,,382,
1-1-1,,1,1, ,,,,,1,
1-87-1,,1,87, ,,,,,383,
1-3-1,,1,3, ,,,,,29,
1-33-1,,1,33, ,,,,,357,
1-34-1,,1,34, ,,,,,359,
1-15-1,,1,15, ,,,,,305,
1-13-1,,1,13, ,,,,,145,
1-17-1,,1,17, ,,,,,313,
1-6-1,,1,6, ,,,,,3,
1-88-1,,1,88, ,,,,,368,
1-28-1,,1,28, ,,,,,303,
1-42-1,,1,42, ,,,,,366,
1-30-1,,1,30, ,,,,,352,
1-31-1,,1,31, ,,,,,356,
1-89-1,,1,89, ,,,,,374,
1-90-1,,1,90, ,,,,,375,
1-91-1,,1,91, ,,,,,323,
1-92-1,,1,92, ,,,,,324,
1-93-1,,1,93, ,,,,,325,
1-94-1,,1,94, ,,,,,326,
1-9-1,,1,9, ,,,,,144,
1-27-1,,1,27, ,,,,,348,
1-18-1,,1,18, ,,,,,282,
1-95-1,,1,95, ,,,,,380,
1-21-1,,1,21, ,,,,,330,
1-22-1,,1,22, ,,,,,344,
1-86-1,,1,86, ,,,,,393,
1-96-1,,1,96, ,,,,,42,
1-37-1,,1,37, ,,,,,360,
1-8-1,,1,8, ,,,,,297,
1-97-1,,1,97, ,,,,,384,
1-25-1,,1,25, ,,,,,39,
1-98-1,,1,98, ,,,,,327,
1-99-1,,1,99, ,,,,,385,
1-5-1,,1,5, ,,,,,311,
1-100-1,,1,100, ,,,,,386,
1-102-1,,1,102, ,,,,,387,
1-103-1,,1,103, ,,,,,388,
1-43-1,,1,43, ,,,,,94,
1-104-1,,1,104, ,,,,,389,
1-16-1,,1,16, ,,,,,62,
1-10-1,,1,10, ,,,,,328,
1-106-1,,1,106, ,,,,,390,
1-107-1,,1,107, ,,,,,382,
1-40-1,,1,40, ,,,,,295,
65-1-1,,65,1, ,,,,,287,
65-3-1,,65,3, ,,,,,29,
65-4-1,,65,4, ,,,,,86,
65-6-1,,65,6, ,,,,,201,
65-8-1,,65,8, ,,,,,297,
65-9-1,,65,9, ,,,,,300,
65-10-1,,65,10, ,,,,,60,
65-13-1,,65,13, ,,,,,145,
65-14-1,,65,14, ,,,,,279,
65-15-1,,65,15, ,,,,,280,
65-16-1,,65,16, ,,,,,62,
65-18-1,,65,18, ,,,,,282,
65-21-1,,65,21, ,,,,,168,
65-22-1,,65,22, ,,,,,137,
65-24-1,,65,24, ,,,,,43,
65-28-1,,65,28, ,,,,,288,
65-30-1,,65,30, ,,,,,289,
65-33-1,,65,33, ,,,,,268,
65-35-1,,65,35, ,,,,,291,
65-36-1,,65,36, ,,,,,292,
65-37-1,,65,37, ,,,,,293,
65-40-1,,65,40, ,,,,,295,
65-42-1,,65,42, ,,,,,18,
73-33-2,,73,33, ,,,,,194,
